listing,date,status,price,min_stay
Beach House - Trigg,2025-01-01,booked,227,2
Beach House - Trigg,2025-01-02,booked,234,2
Beach House - Trigg,2025-01-03,booked,272,2
Beach House - Trigg,2025-01-04,booked,252,2
Beach House - Trigg,2025-01-05,booked,250,2
Beach House - Trigg,2025-01-06,booked,244,2
Beach House - Trigg,2025-01-07,blocked,233,2
Beach House - Trigg,2025-01-08,booked,245,2
Beach House - Trigg,2025-01-09,booked,247,2
Beach House - Trigg,2025-01-10,booked,249,2
Beach House - Trigg,2025-01-11,booked,273,2
Beach House - Trigg,2025-01-12,booked,254,2
Beach House - Trigg,2025-01-13,open,238,2
Beach House - Trigg,2025-01-14,booked,230,2
Beach House - Trigg,2025-01-15,open,247,2
Beach House - Trigg,2025-01-16,open,252,2
Beach House - Trigg,2025-01-17,booked,282,2
Beach House - Trigg,2025-01-18,booked,268,2
Beach House - Trigg,2025-01-19,booked,270,2
Beach House - Trigg,2025-01-20,open,247,2
Beach House - Trigg,2025-01-21,booked,228,2
Beach House - Trigg,2025-01-22,booked,237,2
Beach House - Trigg,2025-01-23,booked,235,2
Beach House - Trigg,2025-01-24,booked,258,2
Beach House - Trigg,2025-01-25,booked,261,2
Beach House - Trigg,2025-01-26,booked,256,2
Beach House - Trigg,2025-01-27,booked,259,2
Beach House - Trigg,2025-01-28,booked,248,2
Beach House - Trigg,2025-01-29,booked,252,2
Beach House - Trigg,2025-01-30,booked,240,2
Beach House - Trigg,2025-01-31,open,271,2
Beach House - Trigg,2025-02-01,booked,272,2
Beach House - Trigg,2025-02-02,booked,275,2
Beach House - Trigg,2025-02-03,booked,228,2
Beach House - Trigg,2025-02-04,booked,236,2
Beach House - Trigg,2025-02-05,booked,259,2
Beach House - Trigg,2025-02-06,open,237,2
Beach House - Trigg,2025-02-07,booked,262,2
Beach House - Trigg,2025-02-08,open,264,2
Beach House - Trigg,2025-02-09,booked,257,2
Beach House - Trigg,2025-02-10,booked,236,2
Beach House - Trigg,2025-02-11,booked,258,2
Beach House - Trigg,2025-02-12,booked,234,2
Beach House - Trigg,2025-02-13,open,244,2
Beach House - Trigg,2025-02-14,booked,250,2
Beach House - Trigg,2025-02-15,booked,270,2
Beach House - Trigg,2025-02-16,booked,263,2
Beach House - Trigg,2025-02-17,booked,240,2
Beach House - Trigg,2025-02-18,open,245,2
Beach House - Trigg,2025-02-19,open,256,2
Beach House - Trigg,2025-02-20,blocked,251,2
Beach House - Trigg,2025-02-21,booked,267,2
Beach House - Trigg,2025-02-22,booked,271,2
Beach House - Trigg,2025-02-23,booked,264,2
Beach House - Trigg,2025-02-24,booked,259,2
Beach House - Trigg,2025-02-25,open,236,2
Beach House - Trigg,2025-02-26,booked,233,2
Beach House - Trigg,2025-02-27,open,257,2
Beach House - Trigg,2025-02-28,booked,271,2
Beach House - Trigg,2025-03-01,booked,236,2
Beach House - Trigg,2025-03-02,open,249,2
Beach House - Trigg,2025-03-03,open,230,2
Beach House - Trigg,2025-03-04,blocked,223,2
Beach House - Trigg,2025-03-05,blocked,244,2
Beach House - Trigg,2025-03-06,open,241,2
Beach House - Trigg,2025-03-07,booked,232,2
Beach House - Trigg,2025-03-08,open,263,2
Beach House - Trigg,2025-03-09,booked,247,2
Beach House - Trigg,2025-03-10,booked,238,2
Beach House - Trigg,2025-03-11,open,216,2
Beach House - Trigg,2025-03-12,booked,231,2
Beach House - Trigg,2025-03-13,booked,242,2
Beach House - Trigg,2025-03-14,booked,238,2
Beach House - Trigg,2025-03-15,booked,255,2
Beach House - Trigg,2025-03-16,booked,241,2
Beach House - Trigg,2025-03-17,open,234,2
Beach House - Trigg,2025-03-18,booked,230,2
Beach House - Trigg,2025-03-19,booked,220,2
Beach House - Trigg,2025-03-20,booked,232,2
Beach House - Trigg,2025-03-21,booked,238,2
Beach House - Trigg,2025-03-22,booked,252,2
Beach House - Trigg,2025-03-23,booked,261,2
Beach House - Trigg,2025-03-24,open,214,2
Beach House - Trigg,2025-03-25,booked,235,2
Beach House - Trigg,2025-03-26,booked,217,2
Beach House - Trigg,2025-03-27,open,232,2
Beach House - Trigg,2025-03-28,booked,257,2
Beach House - Trigg,2025-03-29,open,237,2
Beach House - Trigg,2025-03-30,booked,245,2
Beach House - Trigg,2025-03-31,booked,228,2
Beach House - Trigg,2025-04-01,open,235,2
Beach House - Trigg,2025-04-02,open,215,2
Beach House - Trigg,2025-04-03,booked,224,2
Beach House - Trigg,2025-04-04,open,239,2
Beach House - Trigg,2025-04-05,booked,246,2
Beach House - Trigg,2025-04-06,booked,240,2
Beach House - Trigg,2025-04-07,booked,244,2
Beach House - Trigg,2025-04-08,booked,242,2
Beach House - Trigg,2025-04-09,booked,214,2
Beach House - Trigg,2025-04-10,open,241,2
Beach House - Trigg,2025-04-11,open,262,2
Beach House - Trigg,2025-04-12,open,236,2
Beach House - Trigg,2025-04-13,booked,238,2
Beach House - Trigg,2025-04-14,booked,214,2
Beach House - Trigg,2025-04-15,booked,246,2
Beach House - Trigg,2025-04-16,booked,239,2
Beach House - Trigg,2025-04-17,booked,227,2
Beach House - Trigg,2025-04-18,open,265,2
Beach House - Trigg,2025-04-19,booked,255,2
Beach House - Trigg,2025-04-20,booked,241,2
Beach House - Trigg,2025-04-21,open,232,2
Beach House - Trigg,2025-04-22,booked,238,2
Beach House - Trigg,2025-04-23,booked,232,2
Beach House - Trigg,2025-04-24,booked,241,2
Beach House - Trigg,2025-04-25,booked,263,2
Beach House - Trigg,2025-04-26,booked,237,2
Beach House - Trigg,2025-04-27,booked,254,2
Beach House - Trigg,2025-04-28,booked,216,2
Beach House - Trigg,2025-04-29,open,220,2
Beach House - Trigg,2025-04-30,booked,233,2
Beach House - Trigg,2025-05-01,booked,232,2
Beach House - Trigg,2025-05-02,booked,262,2
Beach House - Trigg,2025-05-03,booked,255,2
Beach House - Trigg,2025-05-04,booked,244,2
Beach House - Trigg,2025-05-05,open,222,2
Beach House - Trigg,2025-05-06,booked,238,2
Beach House - Trigg,2025-05-07,booked,228,2
Beach House - Trigg,2025-05-08,open,246,2
Beach House - Trigg,2025-05-09,booked,238,2
Beach House - Trigg,2025-05-10,booked,262,2
Beach House - Trigg,2025-05-11,open,261,2
Beach House - Trigg,2025-05-12,booked,217,2
Beach House - Trigg,2025-05-13,open,236,2
Beach House - Trigg,2025-05-14,open,246,2
Beach House - Trigg,2025-05-15,open,212,2
Beach House - Trigg,2025-05-16,open,241,2
Beach House - Trigg,2025-05-17,booked,263,2
Beach House - Trigg,2025-05-18,booked,234,2
Beach House - Trigg,2025-05-19,booked,231,2
Beach House - Trigg,2025-05-20,booked,233,2
Beach House - Trigg,2025-05-21,open,219,2
Beach House - Trigg,2025-05-22,open,221,2
Beach House - Trigg,2025-05-23,booked,261,2
Beach House - Trigg,2025-05-24,open,233,2
Beach House - Trigg,2025-05-25,booked,240,2
Beach House - Trigg,2025-05-26,blocked,239,2
Beach House - Trigg,2025-05-27,open,221,2
Beach House - Trigg,2025-05-28,open,231,2
Beach House - Trigg,2025-05-29,booked,212,2
Beach House - Trigg,2025-05-30,booked,261,2
Beach House - Trigg,2025-05-31,open,249,2
Beach House - Trigg,2025-06-01,open,250,2
Beach House - Trigg,2025-06-02,booked,216,2
Beach House - Trigg,2025-06-03,booked,243,2
Beach House - Trigg,2025-06-04,open,242,2
Beach House - Trigg,2025-06-05,open,219,2
Beach House - Trigg,2025-06-06,booked,234,2
Beach House - Trigg,2025-06-07,open,261,2
Beach House - Trigg,2025-06-08,booked,252,2
Beach House - Trigg,2025-06-09,booked,244,2
Beach House - Trigg,2025-06-10,open,246,2
Beach House - Trigg,2025-06-11,open,242,2
Beach House - Trigg,2025-06-12,blocked,237,2
Beach House - Trigg,2025-06-13,booked,262,2
Beach House - Trigg,2025-06-14,open,260,2
Beach House - Trigg,2025-06-15,open,239,2
Beach House - Trigg,2025-06-16,open,216,2
Beach House - Trigg,2025-06-17,open,242,2
Beach House - Trigg,2025-06-18,booked,240,2
Beach House - Trigg,2025-06-19,booked,223,2
Beach House - Trigg,2025-06-20,open,238,2
Beach House - Trigg,2025-06-21,blocked,237,2
Beach House - Trigg,2025-06-22,booked,260,2
Beach House - Trigg,2025-06-23,open,222,2
Beach House - Trigg,2025-06-24,open,226,2
Beach House - Trigg,2025-06-25,open,230,2
Beach House - Trigg,2025-06-26,open,216,2
Beach House - Trigg,2025-06-27,open,236,2
Beach House - Trigg,2025-06-28,open,239,2
Beach House - Trigg,2025-06-29,booked,245,2
Beach House - Trigg,2025-06-30,open,223,2
Beach House - Trigg,2025-07-01,booked,230,2
Beach House - Trigg,2025-07-02,booked,232,2
Beach House - Trigg,2025-07-03,booked,236,2
Beach House - Trigg,2025-07-04,blocked,262,2
Beach House - Trigg,2025-07-05,booked,255,2
Beach House - Trigg,2025-07-06,booked,253,2
Beach House - Trigg,2025-07-07,booked,214,2
Beach House - Trigg,2025-07-08,open,223,2
Beach House - Trigg,2025-07-09,booked,241,2
Beach House - Trigg,2025-07-10,open,222,2
Beach House - Trigg,2025-07-11,booked,244,2
Beach House - Trigg,2025-07-12,booked,240,2
Beach House - Trigg,2025-07-13,booked,245,2
Beach House - Trigg,2025-07-14,open,235,2
Beach House - Trigg,2025-07-15,open,233,2
Beach House - Trigg,2025-07-16,booked,231,2
Beach House - Trigg,2025-07-17,blocked,222,2
Beach House - Trigg,2025-07-18,booked,250,2
Beach House - Trigg,2025-07-19,booked,246,2
Beach House - Trigg,2025-07-20,booked,238,2
Beach House - Trigg,2025-07-21,booked,243,2
Beach House - Trigg,2025-07-22,open,218,2
Beach House - Trigg,2025-07-23,booked,230,2
Beach House - Trigg,2025-07-24,open,224,2
Beach House - Trigg,2025-07-25,open,256,2
Beach House - Trigg,2025-07-26,booked,238,2
Beach House - Trigg,2025-07-27,booked,231,2
Beach House - Trigg,2025-07-28,booked,228,2
Beach House - Trigg,2025-07-29,open,215,2
Beach House - Trigg,2025-07-30,booked,234,2
Beach House - Trigg,2025-07-31,booked,236,2
Beach House - Trigg,2025-08-01,booked,239,2
Beach House - Trigg,2025-08-02,booked,230,2
Beach House - Trigg,2025-08-03,booked,257,2
Beach House - Trigg,2025-08-04,booked,227,2
Beach House - Trigg,2025-08-05,booked,245,2
Beach House - Trigg,2025-08-06,booked,214,2
Beach House - Trigg,2025-08-07,booked,241,2
Beach House - Trigg,2025-08-08,booked,258,2
Beach House - Trigg,2025-08-09,booked,264,2
Beach House - Trigg,2025-08-10,booked,263,2
Beach House - Trigg,2025-08-11,open,233,2
Beach House - Trigg,2025-08-12,open,229,2
Beach House - Trigg,2025-08-13,open,231,2
Beach House - Trigg,2025-08-14,open,238,2
Beach House - Trigg,2025-08-15,booked,239,2
Beach House - Trigg,2025-08-16,booked,252,2
Beach House - Trigg,2025-08-17,open,248,2
Beach House - Trigg,2025-08-18,open,221,2
Beach House - Trigg,2025-08-19,booked,222,2
Beach House - Trigg,2025-08-20,booked,223,2
Beach House - Trigg,2025-08-21,booked,217,2
Beach House - Trigg,2025-08-22,booked,254,2
Beach House - Trigg,2025-08-23,booked,232,2
Beach House - Trigg,2025-08-24,booked,249,2
Beach House - Trigg,2025-08-25,booked,219,2
Beach House - Trigg,2025-08-26,booked,243,2
Beach House - Trigg,2025-08-27,booked,236,2
Beach House - Trigg,2025-08-28,open,238,2
Beach House - Trigg,2025-08-29,booked,230,2
Beach House - Trigg,2025-08-30,booked,256,2
Beach House - Trigg,2025-08-31,open,263,2
Beach House - Trigg,2025-09-01,booked,238,2
Beach House - Trigg,2025-09-02,booked,233,2
Beach House - Trigg,2025-09-03,booked,220,2
Beach House - Trigg,2025-09-04,booked,213,2
Beach House - Trigg,2025-09-05,booked,254,2
Beach House - Trigg,2025-09-06,booked,236,2
Beach House - Trigg,2025-09-07,booked,235,2
Beach House - Trigg,2025-09-08,open,213,2
Beach House - Trigg,2025-09-09,booked,231,2
Beach House - Trigg,2025-09-10,blocked,234,2
Beach House - Trigg,2025-09-11,booked,228,2
Beach House - Trigg,2025-09-12,booked,243,2
Beach House - Trigg,2025-09-13,booked,242,2
Beach House - Trigg,2025-09-14,open,243,2
Beach House - Trigg,2025-09-15,open,241,2
Beach House - Trigg,2025-09-16,booked,215,2
Beach House - Trigg,2025-09-17,blocked,231,2
Beach House - Trigg,2025-09-18,open,224,2
Beach House - Trigg,2025-09-19,booked,257,2
Beach House - Trigg,2025-09-20,booked,256,2
Beach House - Trigg,2025-09-21,open,237,2
Beach House - Trigg,2025-09-22,blocked,217,2
Beach House - Trigg,2025-09-23,booked,235,2
Beach House - Trigg,2025-09-24,booked,220,2
Beach House - Trigg,2025-09-25,open,238,2
Beach House - Trigg,2025-09-26,booked,251,2
Beach House - Trigg,2025-09-27,booked,234,2
Beach House - Trigg,2025-09-28,open,264,2
Beach House - Trigg,2025-09-29,booked,213,2
Beach House - Trigg,2025-09-30,booked,235,2
Beach House - Trigg,2025-10-01,open,226,2
Beach House - Trigg,2025-10-02,open,215,2
Beach House - Trigg,2025-10-03,booked,252,2
Beach House - Trigg,2025-10-04,booked,257,2
Beach House - Trigg,2025-10-05,open,251,2
Beach House - Trigg,2025-10-06,booked,246,2
Beach House - Trigg,2025-10-07,open,224,2
Beach House - Trigg,2025-10-08,booked,225,2
Beach House - Trigg,2025-10-09,booked,224,2
Beach House - Trigg,2025-10-10,open,259,2
Beach House - Trigg,2025-10-11,booked,263,2
Beach House - Trigg,2025-10-12,booked,259,2
Beach House - Trigg,2025-10-13,open,227,2
Beach House - Trigg,2025-10-14,open,245,2
Beach House - Trigg,2025-10-15,booked,240,2
Beach House - Trigg,2025-10-16,booked,229,2
Beach House - Trigg,2025-10-17,booked,255,2
Beach House - Trigg,2025-10-18,booked,260,2
Beach House - Trigg,2025-10-19,open,233,2
Beach House - Trigg,2025-10-20,open,220,2
Beach House - Trigg,2025-10-21,booked,233,2
Beach House - Trigg,2025-10-22,booked,213,2
Beach House - Trigg,2025-10-23,open,218,2
Beach House - Trigg,2025-10-24,booked,258,2
Beach House - Trigg,2025-10-25,booked,261,2
Beach House - Trigg,2025-10-26,booked,240,2
Beach House - Trigg,2025-10-27,blocked,245,2
Beach House - Trigg,2025-10-28,booked,237,2
Beach House - Trigg,2025-10-29,booked,238,2
Beach House - Trigg,2025-10-30,open,234,2
Beach House - Trigg,2025-10-31,booked,258,2
Beach House - Trigg,2025-11-01,booked,238,2
Beach House - Trigg,2025-11-02,booked,241,2
Beach House - Trigg,2025-11-03,booked,228,2
Beach House - Trigg,2025-11-04,booked,227,2
Beach House - Trigg,2025-11-05,open,223,2
Beach House - Trigg,2025-11-06,open,221,2
Beach House - Trigg,2025-11-07,booked,234,2
Beach House - Trigg,2025-11-08,booked,234,2
Beach House - Trigg,2025-11-09,booked,257,2
Beach House - Trigg,2025-11-10,booked,219,2
Beach House - Trigg,2025-11-11,booked,237,2
Beach House - Trigg,2025-11-12,open,230,2
Beach House - Trigg,2025-11-13,booked,215,2
Beach House - Trigg,2025-11-14,booked,238,2
Beach House - Trigg,2025-11-15,booked,231,2
Beach House - Trigg,2025-11-16,booked,240,2
Beach House - Trigg,2025-11-17,open,231,2
Beach House - Trigg,2025-11-18,open,216,2
Beach House - Trigg,2025-11-19,open,229,2
Beach House - Trigg,2025-11-20,open,232,2
Beach House - Trigg,2025-11-21,booked,245,2
Beach House - Trigg,2025-11-22,booked,232,2
Beach House - Trigg,2025-11-23,open,247,2
Beach House - Trigg,2025-11-24,open,226,2
Beach House - Trigg,2025-11-25,booked,234,2
Beach House - Trigg,2025-11-26,booked,217,2
Beach House - Trigg,2025-11-27,booked,222,2
Beach House - Trigg,2025-11-28,open,234,2
Beach House - Trigg,2025-11-29,open,251,2
Beach House - Trigg,2025-11-30,open,238,2
Beach House - Trigg,2025-12-01,booked,242,2
Beach House - Trigg,2025-12-02,booked,256,2
Beach House - Trigg,2025-12-03,open,237,2
Beach House - Trigg,2025-12-04,booked,248,2
Beach House - Trigg,2025-12-05,booked,281,2
Beach House - Trigg,2025-12-06,booked,256,2
Beach House - Trigg,2025-12-07,booked,254,2
Beach House - Trigg,2025-12-08,booked,229,2
Beach House - Trigg,2025-12-09,blocked,242,2
Beach House - Trigg,2025-12-10,booked,237,2
Beach House - Trigg,2025-12-11,booked,251,2
Beach House - Trigg,2025-12-12,booked,264,2
Beach House - Trigg,2025-12-13,booked,280,2
Beach House - Trigg,2025-12-14,booked,270,2
Beach House - Trigg,2025-12-15,booked,259,2
Beach House - Trigg,2025-12-16,booked,245,2
Beach House - Trigg,2025-12-17,booked,258,2
Beach House - Trigg,2025-12-18,open,229,2
Beach House - Trigg,2025-12-19,booked,259,2
Beach House - Trigg,2025-12-20,booked,268,2
Beach House - Trigg,2025-12-21,booked,253,2
Beach House - Trigg,2025-12-22,booked,251,2
Beach House - Trigg,2025-12-23,open,244,2
Beach House - Trigg,2025-12-24,booked,229,2
Beach House - Trigg,2025-12-25,booked,242,2
Beach House - Trigg,2025-12-26,booked,257,2
Beach House - Trigg,2025-12-27,booked,282,2
Beach House - Trigg,2025-12-28,booked,268,2
Beach House - Trigg,2025-12-29,open,261,2
Beach House - Trigg,2025-12-30,booked,236,2
Beach House - Trigg,2025-12-31,booked,253,2
Beach House - Trigg,2026-01-01,booked,249,2
Beach House - Trigg,2026-01-02,open,255,2
Beach House - Trigg,2026-01-03,booked,270,2
Beach House - Trigg,2026-01-04,booked,252,2
Beach House - Trigg,2026-01-05,booked,238,2
Beach House - Trigg,2026-01-06,booked,256,2
Beach House - Trigg,2026-01-07,booked,251,2
Beach House - Trigg,2026-01-08,booked,259,2
Beach House - Trigg,2026-01-09,booked,268,2
Beach House - Trigg,2026-01-10,booked,259,2
Beach House - Trigg,2026-01-11,booked,282,2
Beach House - Trigg,2026-01-12,booked,244,2
Beach House - Trigg,2026-01-13,open,249,2
Beach House - Trigg,2026-01-14,booked,241,2
Beach House - Trigg,2026-01-15,booked,239,2
Beach House - Trigg,2026-01-16,booked,270,2
Beach House - Trigg,2026-01-17,booked,256,2
Beach House - Trigg,2026-01-18,booked,281,2
Beach House - Trigg,2026-01-19,booked,251,2
Beach House - Trigg,2026-01-20,booked,260,2
Beach House - Trigg,2026-01-21,booked,235,2
Beach House - Trigg,2026-01-22,booked,246,2
Beach House - Trigg,2026-01-23,booked,252,2
Beach House - Trigg,2026-01-24,open,280,2
Beach House - Trigg,2026-01-25,booked,253,2
Beach House - Trigg,2026-01-26,open,244,2
Beach House - Trigg,2026-01-27,booked,244,2
Beach House - Trigg,2026-01-28,booked,255,2
Beach House - Trigg,2026-01-29,open,235,2
Beach House - Trigg,2026-01-30,booked,262,2
Beach House - Trigg,2026-01-31,open,266,2
Beach House - Trigg,2026-02-01,booked,278,2
Beach House - Trigg,2026-02-02,booked,254,2
Beach House - Trigg,2026-02-03,booked,259,2
Beach House - Trigg,2026-02-04,booked,255,2
Coastal 2BR - Scarborough,2025-01-01,booked,182,2
Coastal 2BR - Scarborough,2025-01-02,booked,201,2
Coastal 2BR - Scarborough,2025-01-03,booked,194,2
Coastal 2BR - Scarborough,2025-01-04,booked,199,2
Coastal 2BR - Scarborough,2025-01-05,booked,205,2
Coastal 2BR - Scarborough,2025-01-06,booked,183,2
Coastal 2BR - Scarborough,2025-01-07,booked,193,2
Coastal 2BR - Scarborough,2025-01-08,booked,181,2
Coastal 2BR - Scarborough,2025-01-09,open,176,2
Coastal 2BR - Scarborough,2025-01-10,booked,209,2
Coastal 2BR - Scarborough,2025-01-11,booked,200,2
Coastal 2BR - Scarborough,2025-01-12,booked,212,2
Coastal 2BR - Scarborough,2025-01-13,open,188,2
Coastal 2BR - Scarborough,2025-01-14,booked,188,2
Coastal 2BR - Scarborough,2025-01-15,booked,198,2
Coastal 2BR - Scarborough,2025-01-16,open,186,2
Coastal 2BR - Scarborough,2025-01-17,booked,202,2
Coastal 2BR - Scarborough,2025-01-18,booked,201,2
Coastal 2BR - Scarborough,2025-01-19,booked,194,2
Coastal 2BR - Scarborough,2025-01-20,booked,200,2
Coastal 2BR - Scarborough,2025-01-21,booked,193,2
Coastal 2BR - Scarborough,2025-01-22,booked,197,2
Coastal 2BR - Scarborough,2025-01-23,open,197,2
Coastal 2BR - Scarborough,2025-01-24,booked,199,2
Coastal 2BR - Scarborough,2025-01-25,booked,210,2
Coastal 2BR - Scarborough,2025-01-26,open,191,2
Coastal 2BR - Scarborough,2025-01-27,booked,191,2
Coastal 2BR - Scarborough,2025-01-28,open,201,2
Coastal 2BR - Scarborough,2025-01-29,open,186,2
Coastal 2BR - Scarborough,2025-01-30,booked,191,2
Coastal 2BR - Scarborough,2025-01-31,open,202,2
Coastal 2BR - Scarborough,2025-02-01,booked,214,2
Coastal 2BR - Scarborough,2025-02-02,booked,211,2
Coastal 2BR - Scarborough,2025-02-03,booked,184,2
Coastal 2BR - Scarborough,2025-02-04,booked,189,2
Coastal 2BR - Scarborough,2025-02-05,booked,196,2
Coastal 2BR - Scarborough,2025-02-06,booked,177,2
Coastal 2BR - Scarborough,2025-02-07,open,207,2
Coastal 2BR - Scarborough,2025-02-08,booked,214,2
Coastal 2BR - Scarborough,2025-02-09,booked,202,2
Coastal 2BR - Scarborough,2025-02-10,booked,181,2
Coastal 2BR - Scarborough,2025-02-11,blocked,196,2
Coastal 2BR - Scarborough,2025-02-12,open,193,2
Coastal 2BR - Scarborough,2025-02-13,booked,186,2
Coastal 2BR - Scarborough,2025-02-14,booked,206,2
Coastal 2BR - Scarborough,2025-02-15,booked,201,2
Coastal 2BR - Scarborough,2025-02-16,booked,213,2
Coastal 2BR - Scarborough,2025-02-17,booked,185,2
Coastal 2BR - Scarborough,2025-02-18,booked,181,2
Coastal 2BR - Scarborough,2025-02-19,booked,190,2
Coastal 2BR - Scarborough,2025-02-20,open,182,2
Coastal 2BR - Scarborough,2025-02-21,open,208,2
Coastal 2BR - Scarborough,2025-02-22,booked,205,2
Coastal 2BR - Scarborough,2025-02-23,booked,210,2
Coastal 2BR - Scarborough,2025-02-24,booked,191,2
Coastal 2BR - Scarborough,2025-02-25,booked,199,2
Coastal 2BR - Scarborough,2025-02-26,booked,196,2
Coastal 2BR - Scarborough,2025-02-27,booked,184,2
Coastal 2BR - Scarborough,2025-02-28,booked,207,2
Coastal 2BR - Scarborough,2025-03-01,booked,196,2
Coastal 2BR - Scarborough,2025-03-02,booked,199,2
Coastal 2BR - Scarborough,2025-03-03,open,188,2
Coastal 2BR - Scarborough,2025-03-04,open,172,2
Coastal 2BR - Scarborough,2025-03-05,booked,179,2
Coastal 2BR - Scarborough,2025-03-06,open,166,2
Coastal 2BR - Scarborough,2025-03-07,booked,197,2
Coastal 2BR - Scarborough,2025-03-08,booked,181,2
Coastal 2BR - Scarborough,2025-03-09,booked,203,2
Coastal 2BR - Scarborough,2025-03-10,booked,188,2
Coastal 2BR - Scarborough,2025-03-11,open,171,2
Coastal 2BR - Scarborough,2025-03-12,open,177,2
Coastal 2BR - Scarborough,2025-03-13,open,184,2
Coastal 2BR - Scarborough,2025-03-14,booked,180,2
Coastal 2BR - Scarborough,2025-03-15,open,181,2
Coastal 2BR - Scarborough,2025-03-16,open,200,2
Coastal 2BR - Scarborough,2025-03-17,open,190,2
Coastal 2BR - Scarborough,2025-03-18,open,185,2
Coastal 2BR - Scarborough,2025-03-19,booked,185,2
Coastal 2BR - Scarborough,2025-03-20,blocked,178,2
Coastal 2BR - Scarborough,2025-03-21,booked,195,2
Coastal 2BR - Scarborough,2025-03-22,booked,193,2
Coastal 2BR - Scarborough,2025-03-23,open,202,2
Coastal 2BR - Scarborough,2025-03-24,booked,170,2
Coastal 2BR - Scarborough,2025-03-25,blocked,188,2
Coastal 2BR - Scarborough,2025-03-26,open,188,2
Coastal 2BR - Scarborough,2025-03-27,booked,166,2
Coastal 2BR - Scarborough,2025-03-28,open,201,2
Coastal 2BR - Scarborough,2025-03-29,booked,188,2
Coastal 2BR - Scarborough,2025-03-30,booked,202,2
Coastal 2BR - Scarborough,2025-03-31,booked,177,2
Coastal 2BR - Scarborough,2025-04-01,booked,188,2
Coastal 2BR - Scarborough,2025-04-02,booked,176,2
Coastal 2BR - Scarborough,2025-04-03,open,184,2
Coastal 2BR - Scarborough,2025-04-04,open,188,2
Coastal 2BR - Scarborough,2025-04-05,open,181,2
Coastal 2BR - Scarborough,2025-04-06,booked,180,2
Coastal 2BR - Scarborough,2025-04-07,booked,175,2
Coastal 2BR - Scarborough,2025-04-08,open,165,2
Coastal 2BR - Scarborough,2025-04-09,booked,176,2
Coastal 2BR - Scarborough,2025-04-10,open,187,2
Coastal 2BR - Scarborough,2025-04-11,booked,195,2
Coastal 2BR - Scarborough,2025-04-12,booked,203,2
Coastal 2BR - Scarborough,2025-04-13,booked,188,2
Coastal 2BR - Scarborough,2025-04-14,booked,167,2
Coastal 2BR - Scarborough,2025-04-15,open,176,2
Coastal 2BR - Scarborough,2025-04-16,open,181,2
Coastal 2BR - Scarborough,2025-04-17,open,165,2
Coastal 2BR - Scarborough,2025-04-18,open,184,2
Coastal 2BR - Scarborough,2025-04-19,booked,192,2
Coastal 2BR - Scarborough,2025-04-20,booked,197,2
Coastal 2BR - Scarborough,2025-04-21,booked,170,2
Coastal 2BR - Scarborough,2025-04-22,open,173,2
Coastal 2BR - Scarborough,2025-04-23,booked,188,2
Coastal 2BR - Scarborough,2025-04-24,blocked,187,2
Coastal 2BR - Scarborough,2025-04-25,booked,181,2
Coastal 2BR - Scarborough,2025-04-26,booked,182,2
Coastal 2BR - Scarborough,2025-04-27,booked,178,2
Coastal 2BR - Scarborough,2025-04-28,blocked,185,2
Coastal 2BR - Scarborough,2025-04-29,booked,173,2
Coastal 2BR - Scarborough,2025-04-30,booked,165,2
Coastal 2BR - Scarborough,2025-05-01,open,178,2
Coastal 2BR - Scarborough,2025-05-02,open,190,2
Coastal 2BR - Scarborough,2025-05-03,open,191,2
Coastal 2BR - Scarborough,2025-05-04,booked,190,2
Coastal 2BR - Scarborough,2025-05-05,open,165,2
Coastal 2BR - Scarborough,2025-05-06,open,187,2
Coastal 2BR - Scarborough,2025-05-07,booked,176,2
Coastal 2BR - Scarborough,2025-05-08,open,166,2
Coastal 2BR - Scarborough,2025-05-09,booked,188,2
Coastal 2BR - Scarborough,2025-05-10,booked,190,2
Coastal 2BR - Scarborough,2025-05-11,open,179,2
Coastal 2BR - Scarborough,2025-05-12,booked,180,2
Coastal 2BR - Scarborough,2025-05-13,booked,171,2
Coastal 2BR - Scarborough,2025-05-14,open,179,2
Coastal 2BR - Scarborough,2025-05-15,booked,191,2
Coastal 2BR - Scarborough,2025-05-16,booked,189,2
Coastal 2BR - Scarborough,2025-05-17,booked,180,2
Coastal 2BR - Scarborough,2025-05-18,open,200,2
Coastal 2BR - Scarborough,2025-05-19,open,184,2
Coastal 2BR - Scarborough,2025-05-20,open,170,2
Coastal 2BR - Scarborough,2025-05-21,booked,170,2
Coastal 2BR - Scarborough,2025-05-22,booked,176,2
Coastal 2BR - Scarborough,2025-05-23,booked,180,2
Coastal 2BR - Scarborough,2025-05-24,booked,195,2
Coastal 2BR - Scarborough,2025-05-25,booked,181,2
Coastal 2BR - Scarborough,2025-05-26,open,166,2
Coastal 2BR - Scarborough,2025-05-27,open,166,2
Coastal 2BR - Scarborough,2025-05-28,booked,184,2
Coastal 2BR - Scarborough,2025-05-29,open,179,2
Coastal 2BR - Scarborough,2025-05-30,booked,192,2
Coastal 2BR - Scarborough,2025-05-31,booked,180,2
Coastal 2BR - Scarborough,2025-06-01,booked,195,2
Coastal 2BR - Scarborough,2025-06-02,open,187,2
Coastal 2BR - Scarborough,2025-06-03,open,190,2
Coastal 2BR - Scarborough,2025-06-04,open,173,2
Coastal 2BR - Scarborough,2025-06-05,open,170,2
Coastal 2BR - Scarborough,2025-06-06,booked,183,2
Coastal 2BR - Scarborough,2025-06-07,booked,200,2
Coastal 2BR - Scarborough,2025-06-08,booked,197,2
Coastal 2BR - Scarborough,2025-06-09,open,186,2
Coastal 2BR - Scarborough,2025-06-10,open,190,2
Coastal 2BR - Scarborough,2025-06-11,open,180,2
Coastal 2BR - Scarborough,2025-06-12,open,165,2
Coastal 2BR - Scarborough,2025-06-13,open,199,2
Coastal 2BR - Scarborough,2025-06-14,booked,182,2
Coastal 2BR - Scarborough,2025-06-15,open,185,2
Coastal 2BR - Scarborough,2025-06-16,booked,164,2
Coastal 2BR - Scarborough,2025-06-17,open,179,2
Coastal 2BR - Scarborough,2025-06-18,booked,168,2
Coastal 2BR - Scarborough,2025-06-19,open,165,2
Coastal 2BR - Scarborough,2025-06-20,open,183,2
Coastal 2BR - Scarborough,2025-06-21,booked,186,2
Coastal 2BR - Scarborough,2025-06-22,booked,196,2
Coastal 2BR - Scarborough,2025-06-23,open,179,2
Coastal 2BR - Scarborough,2025-06-24,booked,165,2
Coastal 2BR - Scarborough,2025-06-25,booked,180,2
Coastal 2BR - Scarborough,2025-06-26,open,171,2
Coastal 2BR - Scarborough,2025-06-27,booked,190,2
Coastal 2BR - Scarborough,2025-06-28,booked,184,2
Coastal 2BR - Scarborough,2025-06-29,open,180,2
Coastal 2BR - Scarborough,2025-06-30,booked,172,2
Coastal 2BR - Scarborough,2025-07-01,open,177,2
Coastal 2BR - Scarborough,2025-07-02,open,165,2
Coastal 2BR - Scarborough,2025-07-03,booked,180,2
Coastal 2BR - Scarborough,2025-07-04,blocked,185,2
Coastal 2BR - Scarborough,2025-07-05,booked,181,2
Coastal 2BR - Scarborough,2025-07-06,booked,186,2
Coastal 2BR - Scarborough,2025-07-07,blocked,184,2
Coastal 2BR - Scarborough,2025-07-08,booked,174,2
Coastal 2BR - Scarborough,2025-07-09,open,177,2
Coastal 2BR - Scarborough,2025-07-10,open,185,2
Coastal 2BR - Scarborough,2025-07-11,booked,200,2
Coastal 2BR - Scarborough,2025-07-12,booked,178,2
Coastal 2BR - Scarborough,2025-07-13,open,200,2
Coastal 2BR - Scarborough,2025-07-14,open,179,2
Coastal 2BR - Scarborough,2025-07-15,open,175,2
Coastal 2BR - Scarborough,2025-07-16,booked,165,2
Coastal 2BR - Scarborough,2025-07-17,booked,185,2
Coastal 2BR - Scarborough,2025-07-18,booked,199,2
Coastal 2BR - Scarborough,2025-07-19,open,179,2
Coastal 2BR - Scarborough,2025-07-20,open,184,2
Coastal 2BR - Scarborough,2025-07-21,open,178,2
Coastal 2BR - Scarborough,2025-07-22,booked,172,2
Coastal 2BR - Scarborough,2025-07-23,booked,173,2
Coastal 2BR - Scarborough,2025-07-24,booked,178,2
Coastal 2BR - Scarborough,2025-07-25,booked,191,2
Coastal 2BR - Scarborough,2025-07-26,open,186,2
Coastal 2BR - Scarborough,2025-07-27,open,199,2
Coastal 2BR - Scarborough,2025-07-28,open,170,2
Coastal 2BR - Scarborough,2025-07-29,booked,169,2
Coastal 2BR - Scarborough,2025-07-30,open,184,2
Coastal 2BR - Scarborough,2025-07-31,open,169,2
Coastal 2BR - Scarborough,2025-08-01,open,190,2
Coastal 2BR - Scarborough,2025-08-02,open,197,2
Coastal 2BR - Scarborough,2025-08-03,booked,202,2
Coastal 2BR - Scarborough,2025-08-04,open,181,2
Coastal 2BR - Scarborough,2025-08-05,open,187,2
Coastal 2BR - Scarborough,2025-08-06,open,168,2
Coastal 2BR - Scarborough,2025-08-07,booked,176,2
Coastal 2BR - Scarborough,2025-08-08,booked,184,2
Coastal 2BR - Scarborough,2025-08-09,booked,191,2
Coastal 2BR - Scarborough,2025-08-10,booked,189,2
Coastal 2BR - Scarborough,2025-08-11,booked,186,2
Coastal 2BR - Scarborough,2025-08-12,booked,187,2
Coastal 2BR - Scarborough,2025-08-13,open,180,2
Coastal 2BR - Scarborough,2025-08-14,booked,176,2
Coastal 2BR - Scarborough,2025-08-15,booked,198,2
Coastal 2BR - Scarborough,2025-08-16,open,189,2
Coastal 2BR - Scarborough,2025-08-17,open,194,2
Coastal 2BR - Scarborough,2025-08-18,booked,177,2
Coastal 2BR - Scarborough,2025-08-19,booked,166,2
Coastal 2BR - Scarborough,2025-08-20,booked,188,2
Coastal 2BR - Scarborough,2025-08-21,booked,183,2
Coastal 2BR - Scarborough,2025-08-22,booked,182,2
Coastal 2BR - Scarborough,2025-08-23,booked,189,2
Coastal 2BR - Scarborough,2025-08-24,booked,191,2
Coastal 2BR - Scarborough,2025-08-25,booked,174,2
Coastal 2BR - Scarborough,2025-08-26,booked,175,2
Coastal 2BR - Scarborough,2025-08-27,booked,180,2
Coastal 2BR - Scarborough,2025-08-28,open,181,2
Coastal 2BR - Scarborough,2025-08-29,booked,180,2
Coastal 2BR - Scarborough,2025-08-30,booked,185,2
Coastal 2BR - Scarborough,2025-08-31,open,195,2
Coastal 2BR - Scarborough,2025-09-01,open,187,2
Coastal 2BR - Scarborough,2025-09-02,booked,180,2
Coastal 2BR - Scarborough,2025-09-03,booked,173,2
Coastal 2BR - Scarborough,2025-09-04,open,183,2
Coastal 2BR - Scarborough,2025-09-05,booked,193,2
Coastal 2BR - Scarborough,2025-09-06,open,185,2
Coastal 2BR - Scarborough,2025-09-07,booked,198,2
Coastal 2BR - Scarborough,2025-09-08,open,182,2
Coastal 2BR - Scarborough,2025-09-09,open,184,2
Coastal 2BR - Scarborough,2025-09-10,open,178,2
Coastal 2BR - Scarborough,2025-09-11,open,175,2
Coastal 2BR - Scarborough,2025-09-12,booked,187,2
Coastal 2BR - Scarborough,2025-09-13,booked,183,2
Coastal 2BR - Scarborough,2025-09-14,open,190,2
Coastal 2BR - Scarborough,2025-09-15,booked,168,2
Coastal 2BR - Scarborough,2025-09-16,booked,187,2
Coastal 2BR - Scarborough,2025-09-17,booked,185,2
Coastal 2BR - Scarborough,2025-09-18,open,188,2
Coastal 2BR - Scarborough,2025-09-19,booked,186,2
Coastal 2BR - Scarborough,2025-09-20,open,181,2
Coastal 2BR - Scarborough,2025-09-21,booked,181,2
Coastal 2BR - Scarborough,2025-09-22,open,185,2
Coastal 2BR - Scarborough,2025-09-23,open,168,2
Coastal 2BR - Scarborough,2025-09-24,booked,175,2
Coastal 2BR - Scarborough,2025-09-25,open,170,2
Coastal 2BR - Scarborough,2025-09-26,booked,185,2
Coastal 2BR - Scarborough,2025-09-27,open,189,2
Coastal 2BR - Scarborough,2025-09-28,booked,185,2
Coastal 2BR - Scarborough,2025-09-29,open,176,2
Coastal 2BR - Scarborough,2025-09-30,open,174,2
Coastal 2BR - Scarborough,2025-10-01,open,190,2
Coastal 2BR - Scarborough,2025-10-02,booked,172,2
Coastal 2BR - Scarborough,2025-10-03,booked,191,2
Coastal 2BR - Scarborough,2025-10-04,open,199,2
Coastal 2BR - Scarborough,2025-10-05,open,181,2
Coastal 2BR - Scarborough,2025-10-06,booked,181,2
Coastal 2BR - Scarborough,2025-10-07,open,179,2
Coastal 2BR - Scarborough,2025-10-08,booked,187,2
Coastal 2BR - Scarborough,2025-10-09,open,172,2
Coastal 2BR - Scarborough,2025-10-10,open,184,2
Coastal 2BR - Scarborough,2025-10-11,open,181,2
Coastal 2BR - Scarborough,2025-10-12,booked,202,2
Coastal 2BR - Scarborough,2025-10-13,booked,176,2
Coastal 2BR - Scarborough,2025-10-14,booked,165,2
Coastal 2BR - Scarborough,2025-10-15,booked,177,2
Coastal 2BR - Scarborough,2025-10-16,booked,191,2
Coastal 2BR - Scarborough,2025-10-17,booked,178,2
Coastal 2BR - Scarborough,2025-10-18,open,199,2
Coastal 2BR - Scarborough,2025-10-19,booked,198,2
Coastal 2BR - Scarborough,2025-10-20,booked,172,2
Coastal 2BR - Scarborough,2025-10-21,open,183,2
Coastal 2BR - Scarborough,2025-10-22,booked,183,2
Coastal 2BR - Scarborough,2025-10-23,booked,164,2
Coastal 2BR - Scarborough,2025-10-24,booked,184,2
Coastal 2BR - Scarborough,2025-10-25,open,192,2
Coastal 2BR - Scarborough,2025-10-26,open,191,2
Coastal 2BR - Scarborough,2025-10-27,booked,172,2
Coastal 2BR - Scarborough,2025-10-28,booked,165,2
Coastal 2BR - Scarborough,2025-10-29,booked,185,2
Coastal 2BR - Scarborough,2025-10-30,booked,167,2
Coastal 2BR - Scarborough,2025-10-31,open,193,2
Coastal 2BR - Scarborough,2025-11-01,blocked,191,2
Coastal 2BR - Scarborough,2025-11-02,booked,181,2
Coastal 2BR - Scarborough,2025-11-03,booked,180,2
Coastal 2BR - Scarborough,2025-11-04,booked,175,2
Coastal 2BR - Scarborough,2025-11-05,open,166,2
Coastal 2BR - Scarborough,2025-11-06,open,166,2
Coastal 2BR - Scarborough,2025-11-07,booked,191,2
Coastal 2BR - Scarborough,2025-11-08,open,192,2
Coastal 2BR - Scarborough,2025-11-09,booked,190,2
Coastal 2BR - Scarborough,2025-11-10,open,190,2
Coastal 2BR - Scarborough,2025-11-11,booked,164,2
Coastal 2BR - Scarborough,2025-11-12,open,173,2
Coastal 2BR - Scarborough,2025-11-13,open,181,2
Coastal 2BR - Scarborough,2025-11-14,open,197,2
Coastal 2BR - Scarborough,2025-11-15,booked,178,2
Coastal 2BR - Scarborough,2025-11-16,booked,199,2
Coastal 2BR - Scarborough,2025-11-17,booked,185,2
Coastal 2BR - Scarborough,2025-11-18,booked,183,2
Coastal 2BR - Scarborough,2025-11-19,open,186,2
Coastal 2BR - Scarborough,2025-11-20,booked,185,2
Coastal 2BR - Scarborough,2025-11-21,booked,185,2
Coastal 2BR - Scarborough,2025-11-22,booked,182,2
Coastal 2BR - Scarborough,2025-11-23,booked,202,2
Coastal 2BR - Scarborough,2025-11-24,booked,190,2
Coastal 2BR - Scarborough,2025-11-25,booked,171,2
Coastal 2BR - Scarborough,2025-11-26,open,169,2
Coastal 2BR - Scarborough,2025-11-27,booked,185,2
Coastal 2BR - Scarborough,2025-11-28,open,186,2
Coastal 2BR - Scarborough,2025-11-29,booked,187,2
Coastal 2BR - Scarborough,2025-11-30,open,197,2
Coastal 2BR - Scarborough,2025-12-01,open,185,2
Coastal 2BR - Scarborough,2025-12-02,open,188,2
Coastal 2BR - Scarborough,2025-12-03,booked,199,2
Coastal 2BR - Scarborough,2025-12-04,booked,196,2
Coastal 2BR - Scarborough,2025-12-05,booked,192,2
Coastal 2BR - Scarborough,2025-12-06,booked,212,2
Coastal 2BR - Scarborough,2025-12-07,booked,199,2
Coastal 2BR - Scarborough,2025-12-08,booked,192,2
Coastal 2BR - Scarborough,2025-12-09,booked,191,2
Coastal 2BR - Scarborough,2025-12-10,booked,193,2
Coastal 2BR - Scarborough,2025-12-11,booked,176,2
Coastal 2BR - Scarborough,2025-12-12,open,200,2
Coastal 2BR - Scarborough,2025-12-13,open,197,2
Coastal 2BR - Scarborough,2025-12-14,open,215,2
Coastal 2BR - Scarborough,2025-12-15,booked,191,2
Coastal 2BR - Scarborough,2025-12-16,booked,196,2
Coastal 2BR - Scarborough,2025-12-17,open,200,2
Coastal 2BR - Scarborough,2025-12-18,booked,191,2
Coastal 2BR - Scarborough,2025-12-19,booked,191,2
Coastal 2BR - Scarborough,2025-12-20,booked,211,2
Coastal 2BR - Scarborough,2025-12-21,booked,200,2
Coastal 2BR - Scarborough,2025-12-22,booked,191,2
Coastal 2BR - Scarborough,2025-12-23,open,200,2
Coastal 2BR - Scarborough,2025-12-24,booked,195,2
Coastal 2BR - Scarborough,2025-12-25,booked,189,2
Coastal 2BR - Scarborough,2025-12-26,booked,207,2
Coastal 2BR - Scarborough,2025-12-27,booked,193,2
Coastal 2BR - Scarborough,2025-12-28,booked,203,2
Coastal 2BR - Scarborough,2025-12-29,booked,189,2
Coastal 2BR - Scarborough,2025-12-30,booked,181,2
Coastal 2BR - Scarborough,2025-12-31,booked,201,2
Coastal 2BR - Scarborough,2026-01-01,booked,199,2
Coastal 2BR - Scarborough,2026-01-02,booked,193,2
Coastal 2BR - Scarborough,2026-01-03,open,202,2
Coastal 2BR - Scarborough,2026-01-04,open,202,2
Coastal 2BR - Scarborough,2026-01-05,booked,193,2
Coastal 2BR - Scarborough,2026-01-06,open,183,2
Coastal 2BR - Scarborough,2026-01-07,booked,176,2
Coastal 2BR - Scarborough,2026-01-08,booked,198,2
Coastal 2BR - Scarborough,2026-01-09,open,209,2
Coastal 2BR - Scarborough,2026-01-10,open,207,2
Coastal 2BR - Scarborough,2026-01-11,booked,204,2
Coastal 2BR - Scarborough,2026-01-12,booked,180,2
Coastal 2BR - Scarborough,2026-01-13,booked,196,2
Coastal 2BR - Scarborough,2026-01-14,blocked,189,2
Coastal 2BR - Scarborough,2026-01-15,booked,196,2
Coastal 2BR - Scarborough,2026-01-16,booked,206,2
Coastal 2BR - Scarborough,2026-01-17,booked,198,2
Coastal 2BR - Scarborough,2026-01-18,open,209,2
Coastal 2BR - Scarborough,2026-01-19,booked,195,2
Coastal 2BR - Scarborough,2026-01-20,open,176,2
Coastal 2BR - Scarborough,2026-01-21,open,192,2
Coastal 2BR - Scarborough,2026-01-22,booked,193,2
Coastal 2BR - Scarborough,2026-01-23,booked,214,2
Coastal 2BR - Scarborough,2026-01-24,booked,207,2
Coastal 2BR - Scarborough,2026-01-25,booked,216,2
Coastal 2BR - Scarborough,2026-01-26,booked,199,2
Coastal 2BR - Scarborough,2026-01-27,booked,178,2
Coastal 2BR - Scarborough,2026-01-28,booked,179,2
Coastal 2BR - Scarborough,2026-01-29,booked,193,2
Coastal 2BR - Scarborough,2026-01-30,booked,215,2
Coastal 2BR - Scarborough,2026-01-31,open,213,2
Coastal 2BR - Scarborough,2026-02-01,booked,207,2
Coastal 2BR - Scarborough,2026-02-02,booked,178,2
Coastal 2BR - Scarborough,2026-02-03,booked,189,2
Coastal 2BR - Scarborough,2026-02-04,booked,179,2
Riverfront 1BR - South Perth,2025-01-01,open,160,1
Riverfront 1BR - South Perth,2025-01-02,open,174,1
Riverfront 1BR - South Perth,2025-01-03,booked,189,1
Riverfront 1BR - South Perth,2025-01-04,booked,188,1
Riverfront 1BR - South Perth,2025-01-05,blocked,170,1
Riverfront 1BR - South Perth,2025-01-06,open,170,1
Riverfront 1BR - South Perth,2025-01-07,open,175,1
Riverfront 1BR - South Perth,2025-01-08,booked,172,1
Riverfront 1BR - South Perth,2025-01-09,booked,171,1
Riverfront 1BR - South Perth,2025-01-10,booked,192,1
Riverfront 1BR - South Perth,2025-01-11,booked,188,1
Riverfront 1BR - South Perth,2025-01-12,booked,176,1
Riverfront 1BR - South Perth,2025-01-13,booked,158,1
Riverfront 1BR - South Perth,2025-01-14,booked,168,1
Riverfront 1BR - South Perth,2025-01-15,booked,171,1
Riverfront 1BR - South Perth,2025-01-16,booked,173,1
Riverfront 1BR - South Perth,2025-01-17,open,189,1
Riverfront 1BR - South Perth,2025-01-18,open,172,1
Riverfront 1BR - South Perth,2025-01-19,booked,182,1
Riverfront 1BR - South Perth,2025-01-20,booked,167,1
Riverfront 1BR - South Perth,2025-01-21,booked,162,1
Riverfront 1BR - South Perth,2025-01-22,booked,163,1
Riverfront 1BR - South Perth,2025-01-23,booked,171,1
Riverfront 1BR - South Perth,2025-01-24,booked,189,1
Riverfront 1BR - South Perth,2025-01-25,booked,176,1
Riverfront 1BR - South Perth,2025-01-26,booked,176,1
Riverfront 1BR - South Perth,2025-01-27,open,168,1
Riverfront 1BR - South Perth,2025-01-28,booked,168,1
Riverfront 1BR - South Perth,2025-01-29,booked,157,1
Riverfront 1BR - South Perth,2025-01-30,open,168,1
Riverfront 1BR - South Perth,2025-01-31,open,174,1
Riverfront 1BR - South Perth,2025-02-01,booked,170,1
Riverfront 1BR - South Perth,2025-02-02,booked,190,1
Riverfront 1BR - South Perth,2025-02-03,open,168,1
Riverfront 1BR - South Perth,2025-02-04,booked,177,1
Riverfront 1BR - South Perth,2025-02-05,booked,177,1
Riverfront 1BR - South Perth,2025-02-06,open,175,1
Riverfront 1BR - South Perth,2025-02-07,booked,178,1
Riverfront 1BR - South Perth,2025-02-08,booked,173,1
Riverfront 1BR - South Perth,2025-02-09,booked,170,1
Riverfront 1BR - South Perth,2025-02-10,booked,175,1
Riverfront 1BR - South Perth,2025-02-11,booked,180,1
Riverfront 1BR - South Perth,2025-02-12,open,159,1
Riverfront 1BR - South Perth,2025-02-13,open,166,1
Riverfront 1BR - South Perth,2025-02-14,open,177,1
Riverfront 1BR - South Perth,2025-02-15,open,187,1
Riverfront 1BR - South Perth,2025-02-16,booked,181,1
Riverfront 1BR - South Perth,2025-02-17,booked,157,1
Riverfront 1BR - South Perth,2025-02-18,booked,164,1
Riverfront 1BR - South Perth,2025-02-19,booked,167,1
Riverfront 1BR - South Perth,2025-02-20,open,169,1
Riverfront 1BR - South Perth,2025-02-21,booked,183,1
Riverfront 1BR - South Perth,2025-02-22,booked,192,1
Riverfront 1BR - South Perth,2025-02-23,open,176,1
Riverfront 1BR - South Perth,2025-02-24,booked,176,1
Riverfront 1BR - South Perth,2025-02-25,booked,173,1
Riverfront 1BR - South Perth,2025-02-26,booked,176,1
Riverfront 1BR - South Perth,2025-02-27,booked,172,1
Riverfront 1BR - South Perth,2025-02-28,open,183,1
Riverfront 1BR - South Perth,2025-03-01,open,176,1
Riverfront 1BR - South Perth,2025-03-02,open,159,1
Riverfront 1BR - South Perth,2025-03-03,booked,171,1
Riverfront 1BR - South Perth,2025-03-04,open,167,1
Riverfront 1BR - South Perth,2025-03-05,open,165,1
Riverfront 1BR - South Perth,2025-03-06,open,152,1
Riverfront 1BR - South Perth,2025-03-07,open,173,1
Riverfront 1BR - South Perth,2025-03-08,open,162,1
Riverfront 1BR - South Perth,2025-03-09,open,159,1
Riverfront 1BR - South Perth,2025-03-10,open,151,1
Riverfront 1BR - South Perth,2025-03-11,blocked,156,1
Riverfront 1BR - South Perth,2025-03-12,booked,165,1
Riverfront 1BR - South Perth,2025-03-13,booked,167,1
Riverfront 1BR - South Perth,2025-03-14,open,179,1
Riverfront 1BR - South Perth,2025-03-15,open,160,1
Riverfront 1BR - South Perth,2025-03-16,booked,163,1
Riverfront 1BR - South Perth,2025-03-17,booked,164,1
Riverfront 1BR - South Perth,2025-03-18,open,156,1
Riverfront 1BR - South Perth,2025-03-19,booked,170,1
Riverfront 1BR - South Perth,2025-03-20,booked,157,1
Riverfront 1BR - South Perth,2025-03-21,open,176,1
Riverfront 1BR - South Perth,2025-03-22,open,175,1
Riverfront 1BR - South Perth,2025-03-23,booked,163,1
Riverfront 1BR - South Perth,2025-03-24,booked,161,1
Riverfront 1BR - South Perth,2025-03-25,booked,171,1
Riverfront 1BR - South Perth,2025-03-26,booked,155,1
Riverfront 1BR - South Perth,2025-03-27,booked,165,1
Riverfront 1BR - South Perth,2025-03-28,booked,167,1
Riverfront 1BR - South Perth,2025-03-29,open,177,1
Riverfront 1BR - South Perth,2025-03-30,booked,161,1
Riverfront 1BR - South Perth,2025-03-31,open,157,1
Riverfront 1BR - South Perth,2025-04-01,open,168,1
Riverfront 1BR - South Perth,2025-04-02,open,167,1
Riverfront 1BR - South Perth,2025-04-03,booked,155,1
Riverfront 1BR - South Perth,2025-04-04,open,167,1
Riverfront 1BR - South Perth,2025-04-05,booked,164,1
Riverfront 1BR - South Perth,2025-04-06,booked,163,1
Riverfront 1BR - South Perth,2025-04-07,open,170,1
Riverfront 1BR - South Perth,2025-04-08,open,151,1
Riverfront 1BR - South Perth,2025-04-09,open,162,1
Riverfront 1BR - South Perth,2025-04-10,booked,164,1
Riverfront 1BR - South Perth,2025-04-11,booked,174,1
Riverfront 1BR - South Perth,2025-04-12,booked,168,1
Riverfront 1BR - South Perth,2025-04-13,open,161,1
Riverfront 1BR - South Perth,2025-04-14,open,148,1
Riverfront 1BR - South Perth,2025-04-15,open,170,1
Riverfront 1BR - South Perth,2025-04-16,booked,170,1
Riverfront 1BR - South Perth,2025-04-17,open,159,1
Riverfront 1BR - South Perth,2025-04-18,booked,181,1
Riverfront 1BR - South Perth,2025-04-19,booked,174,1
Riverfront 1BR - South Perth,2025-04-20,open,160,1
Riverfront 1BR - South Perth,2025-04-21,open,161,1
Riverfront 1BR - South Perth,2025-04-22,open,171,1
Riverfront 1BR - South Perth,2025-04-23,open,152,1
Riverfront 1BR - South Perth,2025-04-24,open,152,1
Riverfront 1BR - South Perth,2025-04-25,open,182,1
Riverfront 1BR - South Perth,2025-04-26,booked,170,1
Riverfront 1BR - South Perth,2025-04-27,open,181,1
Riverfront 1BR - South Perth,2025-04-28,open,169,1
Riverfront 1BR - South Perth,2025-04-29,blocked,162,1
Riverfront 1BR - South Perth,2025-04-30,booked,172,1
Riverfront 1BR - South Perth,2025-05-01,booked,172,1
Riverfront 1BR - South Perth,2025-05-02,booked,170,1
Riverfront 1BR - South Perth,2025-05-03,open,179,1
Riverfront 1BR - South Perth,2025-05-04,booked,163,1
Riverfront 1BR - South Perth,2025-05-05,booked,152,1
Riverfront 1BR - South Perth,2025-05-06,booked,154,1
Riverfront 1BR - South Perth,2025-05-07,booked,166,1
Riverfront 1BR - South Perth,2025-05-08,open,162,1
Riverfront 1BR - South Perth,2025-05-09,open,162,1
Riverfront 1BR - South Perth,2025-05-10,open,180,1
Riverfront 1BR - South Perth,2025-05-11,open,171,1
Riverfront 1BR - South Perth,2025-05-12,booked,164,1
Riverfront 1BR - South Perth,2025-05-13,booked,151,1
Riverfront 1BR - South Perth,2025-05-14,booked,154,1
Riverfront 1BR - South Perth,2025-05-15,booked,154,1
Riverfront 1BR - South Perth,2025-05-16,open,181,1
Riverfront 1BR - South Perth,2025-05-17,booked,176,1
Riverfront 1BR - South Perth,2025-05-18,blocked,174,1
Riverfront 1BR - South Perth,2025-05-19,open,149,1
Riverfront 1BR - South Perth,2025-05-20,booked,155,1
Riverfront 1BR - South Perth,2025-05-21,booked,160,1
Riverfront 1BR - South Perth,2025-05-22,open,165,1
Riverfront 1BR - South Perth,2025-05-23,booked,161,1
Riverfront 1BR - South Perth,2025-05-24,open,165,1
Riverfront 1BR - South Perth,2025-05-25,open,164,1
Riverfront 1BR - South Perth,2025-05-26,booked,152,1
Riverfront 1BR - South Perth,2025-05-27,open,163,1
Riverfront 1BR - South Perth,2025-05-28,booked,161,1
Riverfront 1BR - South Perth,2025-05-29,booked,161,1
Riverfront 1BR - South Perth,2025-05-30,open,164,1
Riverfront 1BR - South Perth,2025-05-31,booked,176,1
Riverfront 1BR - South Perth,2025-06-01,open,160,1
Riverfront 1BR - South Perth,2025-06-02,booked,165,1
Riverfront 1BR - South Perth,2025-06-03,booked,162,1
Riverfront 1BR - South Perth,2025-06-04,booked,161,1
Riverfront 1BR - South Perth,2025-06-05,open,162,1
Riverfront 1BR - South Perth,2025-06-06,booked,166,1
Riverfront 1BR - South Perth,2025-06-07,booked,161,1
Riverfront 1BR - South Perth,2025-06-08,booked,172,1
Riverfront 1BR - South Perth,2025-06-09,booked,160,1
Riverfront 1BR - South Perth,2025-06-10,open,159,1
Riverfront 1BR - South Perth,2025-06-11,open,159,1
Riverfront 1BR - South Perth,2025-06-12,booked,159,1
Riverfront 1BR - South Perth,2025-06-13,open,176,1
Riverfront 1BR - South Perth,2025-06-14,booked,178,1
Riverfront 1BR - South Perth,2025-06-15,open,172,1
Riverfront 1BR - South Perth,2025-06-16,booked,156,1
Riverfront 1BR - South Perth,2025-06-17,booked,172,1
Riverfront 1BR - South Perth,2025-06-18,open,150,1
Riverfront 1BR - South Perth,2025-06-19,open,149,1
Riverfront 1BR - South Perth,2025-06-20,booked,177,1
Riverfront 1BR - South Perth,2025-06-21,open,182,1
Riverfront 1BR - South Perth,2025-06-22,open,168,1
Riverfront 1BR - South Perth,2025-06-23,open,157,1
Riverfront 1BR - South Perth,2025-06-24,open,170,1
Riverfront 1BR - South Perth,2025-06-25,booked,164,1
Riverfront 1BR - South Perth,2025-06-26,open,161,1
Riverfront 1BR - South Perth,2025-06-27,open,167,1
Riverfront 1BR - South Perth,2025-06-28,booked,171,1
Riverfront 1BR - South Perth,2025-06-29,booked,176,1
Riverfront 1BR - South Perth,2025-06-30,booked,148,1
Riverfront 1BR - South Perth,2025-07-01,blocked,155,1
Riverfront 1BR - South Perth,2025-07-02,open,161,1
Riverfront 1BR - South Perth,2025-07-03,open,168,1
Riverfront 1BR - South Perth,2025-07-04,booked,167,1
Riverfront 1BR - South Perth,2025-07-05,booked,181,1
Riverfront 1BR - South Perth,2025-07-06,open,161,1
Riverfront 1BR - South Perth,2025-07-07,open,158,1
Riverfront 1BR - South Perth,2025-07-08,open,169,1
Riverfront 1BR - South Perth,2025-07-09,blocked,153,1
Riverfront 1BR - South Perth,2025-07-10,booked,149,1
Riverfront 1BR - South Perth,2025-07-11,booked,175,1
Riverfront 1BR - South Perth,2025-07-12,booked,176,1
Riverfront 1BR - South Perth,2025-07-13,booked,164,1
Riverfront 1BR - South Perth,2025-07-14,booked,169,1
Riverfront 1BR - South Perth,2025-07-15,booked,160,1
Riverfront 1BR - South Perth,2025-07-16,booked,168,1
Riverfront 1BR - South Perth,2025-07-17,open,156,1
Riverfront 1BR - South Perth,2025-07-18,booked,174,1
Riverfront 1BR - South Perth,2025-07-19,booked,166,1
Riverfront 1BR - South Perth,2025-07-20,booked,174,1
Riverfront 1BR - South Perth,2025-07-21,booked,155,1
Riverfront 1BR - South Perth,2025-07-22,booked,171,1
Riverfront 1BR - South Perth,2025-07-23,open,170,1
Riverfront 1BR - South Perth,2025-07-24,open,158,1
Riverfront 1BR - South Perth,2025-07-25,booked,182,1
Riverfront 1BR - South Perth,2025-07-26,open,174,1
Riverfront 1BR - South Perth,2025-07-27,open,166,1
Riverfront 1BR - South Perth,2025-07-28,booked,152,1
Riverfront 1BR - South Perth,2025-07-29,booked,166,1
Riverfront 1BR - South Perth,2025-07-30,booked,168,1
Riverfront 1BR - South Perth,2025-07-31,booked,165,1
Riverfront 1BR - South Perth,2025-08-01,open,180,1
Riverfront 1BR - South Perth,2025-08-02,booked,182,1
Riverfront 1BR - South Perth,2025-08-03,booked,161,1
Riverfront 1BR - South Perth,2025-08-04,booked,153,1
Riverfront 1BR - South Perth,2025-08-05,open,170,1
Riverfront 1BR - South Perth,2025-08-06,open,150,1
Riverfront 1BR - South Perth,2025-08-07,open,153,1
Riverfront 1BR - South Perth,2025-08-08,booked,174,1
Riverfront 1BR - South Perth,2025-08-09,booked,179,1
Riverfront 1BR - South Perth,2025-08-10,booked,177,1
Riverfront 1BR - South Perth,2025-08-11,open,161,1
Riverfront 1BR - South Perth,2025-08-12,booked,169,1
Riverfront 1BR - South Perth,2025-08-13,booked,171,1
Riverfront 1BR - South Perth,2025-08-14,blocked,171,1
Riverfront 1BR - South Perth,2025-08-15,open,161,1
Riverfront 1BR - South Perth,2025-08-16,open,170,1
Riverfront 1BR - South Perth,2025-08-17,booked,173,1
Riverfront 1BR - South Perth,2025-08-18,booked,170,1
Riverfront 1BR - South Perth,2025-08-19,open,167,1
Riverfront 1BR - South Perth,2025-08-20,booked,161,1
Riverfront 1BR - South Perth,2025-08-21,booked,154,1
Riverfront 1BR - South Perth,2025-08-22,booked,170,1
Riverfront 1BR - South Perth,2025-08-23,booked,182,1
Riverfront 1BR - South Perth,2025-08-24,booked,178,1
Riverfront 1BR - South Perth,2025-08-25,open,157,1
Riverfront 1BR - South Perth,2025-08-26,booked,162,1
Riverfront 1BR - South Perth,2025-08-27,booked,152,1
Riverfront 1BR - South Perth,2025-08-28,booked,170,1
Riverfront 1BR - South Perth,2025-08-29,booked,168,1
Riverfront 1BR - South Perth,2025-08-30,booked,166,1
Riverfront 1BR - South Perth,2025-08-31,booked,178,1
Riverfront 1BR - South Perth,2025-09-01,open,164,1
Riverfront 1BR - South Perth,2025-09-02,open,154,1
Riverfront 1BR - South Perth,2025-09-03,open,171,1
Riverfront 1BR - South Perth,2025-09-04,open,160,1
Riverfront 1BR - South Perth,2025-09-05,booked,177,1
Riverfront 1BR - South Perth,2025-09-06,booked,176,1
Riverfront 1BR - South Perth,2025-09-07,booked,180,1
Riverfront 1BR - South Perth,2025-09-08,open,163,1
Riverfront 1BR - South Perth,2025-09-09,booked,149,1
Riverfront 1BR - South Perth,2025-09-10,open,171,1
Riverfront 1BR - South Perth,2025-09-11,open,166,1
Riverfront 1BR - South Perth,2025-09-12,booked,179,1
Riverfront 1BR - South Perth,2025-09-13,booked,175,1
Riverfront 1BR - South Perth,2025-09-14,blocked,170,1
Riverfront 1BR - South Perth,2025-09-15,booked,163,1
Riverfront 1BR - South Perth,2025-09-16,open,163,1
Riverfront 1BR - South Perth,2025-09-17,booked,160,1
Riverfront 1BR - South Perth,2025-09-18,blocked,161,1
Riverfront 1BR - South Perth,2025-09-19,blocked,171,1
Riverfront 1BR - South Perth,2025-09-20,booked,182,1
Riverfront 1BR - South Perth,2025-09-21,blocked,178,1
Riverfront 1BR - South Perth,2025-09-22,open,167,1
Riverfront 1BR - South Perth,2025-09-23,open,151,1
Riverfront 1BR - South Perth,2025-09-24,booked,152,1
Riverfront 1BR - South Perth,2025-09-25,booked,161,1
Riverfront 1BR - South Perth,2025-09-26,open,165,1
Riverfront 1BR - South Perth,2025-09-27,booked,167,1
Riverfront 1BR - South Perth,2025-09-28,booked,172,1
Riverfront 1BR - South Perth,2025-09-29,open,153,1
Riverfront 1BR - South Perth,2025-09-30,open,168,1
Riverfront 1BR - South Perth,2025-10-01,open,169,1
Riverfront 1BR - South Perth,2025-10-02,open,150,1
Riverfront 1BR - South Perth,2025-10-03,booked,172,1
Riverfront 1BR - South Perth,2025-10-04,booked,158,1
Riverfront 1BR - South Perth,2025-10-05,booked,170,1
Riverfront 1BR - South Perth,2025-10-06,booked,167,1
Riverfront 1BR - South Perth,2025-10-07,open,169,1
Riverfront 1BR - South Perth,2025-10-08,booked,161,1
Riverfront 1BR - South Perth,2025-10-09,booked,153,1
Riverfront 1BR - South Perth,2025-10-10,open,180,1
Riverfront 1BR - South Perth,2025-10-11,booked,159,1
Riverfront 1BR - South Perth,2025-10-12,booked,181,1
Riverfront 1BR - South Perth,2025-10-13,open,162,1
Riverfront 1BR - South Perth,2025-10-14,booked,170,1
Riverfront 1BR - South Perth,2025-10-15,booked,171,1
Riverfront 1BR - South Perth,2025-10-16,open,166,1
Riverfront 1BR - South Perth,2025-10-17,open,168,1
Riverfront 1BR - South Perth,2025-10-18,booked,162,1
Riverfront 1BR - South Perth,2025-10-19,booked,178,1
Riverfront 1BR - South Perth,2025-10-20,booked,170,1
Riverfront 1BR - South Perth,2025-10-21,booked,166,1
Riverfront 1BR - South Perth,2025-10-22,booked,172,1
Riverfront 1BR - South Perth,2025-10-23,open,160,1
Riverfront 1BR - South Perth,2025-10-24,open,160,1
Riverfront 1BR - South Perth,2025-10-25,booked,178,1
Riverfront 1BR - South Perth,2025-10-26,booked,177,1
Riverfront 1BR - South Perth,2025-10-27,open,158,1
Riverfront 1BR - South Perth,2025-10-28,open,149,1
Riverfront 1BR - South Perth,2025-10-29,booked,172,1
Riverfront 1BR - South Perth,2025-10-30,open,157,1
Riverfront 1BR - South Perth,2025-10-31,open,169,1
Riverfront 1BR - South Perth,2025-11-01,open,174,1
Riverfront 1BR - South Perth,2025-11-02,booked,173,1
Riverfront 1BR - South Perth,2025-11-03,open,165,1
Riverfront 1BR - South Perth,2025-11-04,booked,152,1
Riverfront 1BR - South Perth,2025-11-05,open,163,1
Riverfront 1BR - South Perth,2025-11-06,open,156,1
Riverfront 1BR - South Perth,2025-11-07,booked,158,1
Riverfront 1BR - South Perth,2025-11-08,booked,167,1
Riverfront 1BR - South Perth,2025-11-09,booked,161,1
Riverfront 1BR - South Perth,2025-11-10,booked,159,1
Riverfront 1BR - South Perth,2025-11-11,open,158,1
Riverfront 1BR - South Perth,2025-11-12,blocked,157,1
Riverfront 1BR - South Perth,2025-11-13,booked,162,1
Riverfront 1BR - South Perth,2025-11-14,booked,168,1
Riverfront 1BR - South Perth,2025-11-15,booked,168,1
Riverfront 1BR - South Perth,2025-11-16,booked,180,1
Riverfront 1BR - South Perth,2025-11-17,open,172,1
Riverfront 1BR - South Perth,2025-11-18,open,152,1
Riverfront 1BR - South Perth,2025-11-19,booked,151,1
Riverfront 1BR - South Perth,2025-11-20,booked,160,1
Riverfront 1BR - South Perth,2025-11-21,booked,169,1
Riverfront 1BR - South Perth,2025-11-22,booked,170,1
Riverfront 1BR - South Perth,2025-11-23,booked,164,1
Riverfront 1BR - South Perth,2025-11-24,booked,163,1
Riverfront 1BR - South Perth,2025-11-25,open,153,1
Riverfront 1BR - South Perth,2025-11-26,booked,155,1
Riverfront 1BR - South Perth,2025-11-27,open,156,1
Riverfront 1BR - South Perth,2025-11-28,open,178,1
Riverfront 1BR - South Perth,2025-11-29,booked,166,1
Riverfront 1BR - South Perth,2025-11-30,open,179,1
Riverfront 1BR - South Perth,2025-12-01,open,159,1
Riverfront 1BR - South Perth,2025-12-02,booked,179,1
Riverfront 1BR - South Perth,2025-12-03,booked,164,1
Riverfront 1BR - South Perth,2025-12-04,open,180,1
Riverfront 1BR - South Perth,2025-12-05,booked,185,1
Riverfront 1BR - South Perth,2025-12-06,booked,182,1
Riverfront 1BR - South Perth,2025-12-07,booked,178,1
Riverfront 1BR - South Perth,2025-12-08,open,166,1
Riverfront 1BR - South Perth,2025-12-09,booked,170,1
Riverfront 1BR - South Perth,2025-12-10,open,169,1
Riverfront 1BR - South Perth,2025-12-11,open,169,1
Riverfront 1BR - South Perth,2025-12-12,open,180,1
Riverfront 1BR - South Perth,2025-12-13,booked,179,1
Riverfront 1BR - South Perth,2025-12-14,booked,185,1
Riverfront 1BR - South Perth,2025-12-15,open,175,1
Riverfront 1BR - South Perth,2025-12-16,booked,168,1
Riverfront 1BR - South Perth,2025-12-17,open,162,1
Riverfront 1BR - South Perth,2025-12-18,open,173,1
Riverfront 1BR - South Perth,2025-12-19,open,170,1
Riverfront 1BR - South Perth,2025-12-20,open,180,1
Riverfront 1BR - South Perth,2025-12-21,booked,181,1
Riverfront 1BR - South Perth,2025-12-22,open,173,1
Riverfront 1BR - South Perth,2025-12-23,booked,175,1
Riverfront 1BR - South Perth,2025-12-24,booked,178,1
Riverfront 1BR - South Perth,2025-12-25,booked,172,1
Riverfront 1BR - South Perth,2025-12-26,booked,187,1
Riverfront 1BR - South Perth,2025-12-27,booked,177,1
Riverfront 1BR - South Perth,2025-12-28,booked,170,1
Riverfront 1BR - South Perth,2025-12-29,open,173,1
Riverfront 1BR - South Perth,2025-12-30,booked,174,1
Riverfront 1BR - South Perth,2025-12-31,open,167,1
Riverfront 1BR - South Perth,2026-01-01,blocked,162,1
Riverfront 1BR - South Perth,2026-01-02,booked,181,1
Riverfront 1BR - South Perth,2026-01-03,booked,182,1
Riverfront 1BR - South Perth,2026-01-04,booked,178,1
Riverfront 1BR - South Perth,2026-01-05,open,170,1
Riverfront 1BR - South Perth,2026-01-06,booked,165,1
Riverfront 1BR - South Perth,2026-01-07,blocked,159,1
Riverfront 1BR - South Perth,2026-01-08,booked,179,1
Riverfront 1BR - South Perth,2026-01-09,booked,191,1
Riverfront 1BR - South Perth,2026-01-10,booked,176,1
Riverfront 1BR - South Perth,2026-01-11,booked,174,1
Riverfront 1BR - South Perth,2026-01-12,booked,168,1
Riverfront 1BR - South Perth,2026-01-13,booked,173,1
Riverfront 1BR - South Perth,2026-01-14,booked,163,1
Riverfront 1BR - South Perth,2026-01-15,open,159,1
Riverfront 1BR - South Perth,2026-01-16,open,184,1
Riverfront 1BR - South Perth,2026-01-17,booked,172,1
Riverfront 1BR - South Perth,2026-01-18,open,174,1
Riverfront 1BR - South Perth,2026-01-19,booked,160,1
Riverfront 1BR - South Perth,2026-01-20,booked,179,1
Riverfront 1BR - South Perth,2026-01-21,booked,166,1
Riverfront 1BR - South Perth,2026-01-22,booked,172,1
Riverfront 1BR - South Perth,2026-01-23,booked,169,1
Riverfront 1BR - South Perth,2026-01-24,booked,173,1
Riverfront 1BR - South Perth,2026-01-25,booked,178,1
Riverfront 1BR - South Perth,2026-01-26,open,161,1
Riverfront 1BR - South Perth,2026-01-27,open,176,1
Riverfront 1BR - South Perth,2026-01-28,booked,159,1
Riverfront 1BR - South Perth,2026-01-29,open,161,1
Riverfront 1BR - South Perth,2026-01-30,booked,180,1
Riverfront 1BR - South Perth,2026-01-31,booked,189,1
Riverfront 1BR - South Perth,2026-02-01,booked,184,1
Riverfront 1BR - South Perth,2026-02-02,open,171,1
Riverfront 1BR - South Perth,2026-02-03,open,165,1
Riverfront 1BR - South Perth,2026-02-04,open,171,1
CBD Studio - Perth,2025-01-01,open,139,3
CBD Studio - Perth,2025-01-02,booked,137,3
CBD Studio - Perth,2025-01-03,booked,136,3
CBD Studio - Perth,2025-01-04,booked,139,3
CBD Studio - Perth,2025-01-05,booked,147,3
CBD Studio - Perth,2025-01-06,open,134,3
CBD Studio - Perth,2025-01-07,booked,133,3
CBD Studio - Perth,2025-01-08,booked,138,3
CBD Studio - Perth,2025-01-09,open,138,3
CBD Studio - Perth,2025-01-10,open,144,3
CBD Studio - Perth,2025-01-11,booked,136,3
CBD Studio - Perth,2025-01-12,booked,142,3
CBD Studio - Perth,2025-01-13,booked,132,3
CBD Studio - Perth,2025-01-14,blocked,128,3
CBD Studio - Perth,2025-01-15,open,144,3
CBD Studio - Perth,2025-01-16,open,135,3
CBD Studio - Perth,2025-01-17,open,142,3
CBD Studio - Perth,2025-01-18,open,143,3
CBD Studio - Perth,2025-01-19,booked,134,3
CBD Studio - Perth,2025-01-20,open,131,3
CBD Studio - Perth,2025-01-21,booked,136,3
CBD Studio - Perth,2025-01-22,booked,134,3
CBD Studio - Perth,2025-01-23,open,140,3
CBD Studio - Perth,2025-01-24,booked,136,3
CBD Studio - Perth,2025-01-25,booked,149,3
CBD Studio - Perth,2025-01-26,open,141,3
CBD Studio - Perth,2025-01-27,open,126,3
CBD Studio - Perth,2025-01-28,open,136,3
CBD Studio - Perth,2025-01-29,open,127,3
CBD Studio - Perth,2025-01-30,open,140,3
CBD Studio - Perth,2025-01-31,booked,153,3
CBD Studio - Perth,2025-02-01,booked,140,3
CBD Studio - Perth,2025-02-02,open,142,3
CBD Studio - Perth,2025-02-03,open,141,3
CBD Studio - Perth,2025-02-04,booked,141,3
CBD Studio - Perth,2025-02-05,open,132,3
CBD Studio - Perth,2025-02-06,open,138,3
CBD Studio - Perth,2025-02-07,booked,136,3
CBD Studio - Perth,2025-02-08,booked,138,3
CBD Studio - Perth,2025-02-09,booked,140,3
CBD Studio - Perth,2025-02-10,booked,136,3
CBD Studio - Perth,2025-02-11,booked,139,3
CBD Studio - Perth,2025-02-12,booked,131,3
CBD Studio - Perth,2025-02-13,open,145,3
CBD Studio - Perth,2025-02-14,open,135,3
CBD Studio - Perth,2025-02-15,open,149,3
CBD Studio - Perth,2025-02-16,open,153,3
CBD Studio - Perth,2025-02-17,open,128,3
CBD Studio - Perth,2025-02-18,open,130,3
CBD Studio - Perth,2025-02-19,open,142,3
CBD Studio - Perth,2025-02-20,open,139,3
CBD Studio - Perth,2025-02-21,booked,145,3
CBD Studio - Perth,2025-02-22,booked,142,3
CBD Studio - Perth,2025-02-23,booked,146,3
CBD Studio - Perth,2025-02-24,open,127,3
CBD Studio - Perth,2025-02-25,open,131,3
CBD Studio - Perth,2025-02-26,open,133,3
CBD Studio - Perth,2025-02-27,open,132,3
CBD Studio - Perth,2025-02-28,blocked,149,3
CBD Studio - Perth,2025-03-01,open,141,3
CBD Studio - Perth,2025-03-02,booked,140,3
CBD Studio - Perth,2025-03-03,booked,121,3
CBD Studio - Perth,2025-03-04,open,124,3
CBD Studio - Perth,2025-03-05,open,124,3
CBD Studio - Perth,2025-03-06,booked,136,3
CBD Studio - Perth,2025-03-07,booked,138,3
CBD Studio - Perth,2025-03-08,open,136,3
CBD Studio - Perth,2025-03-09,booked,140,3
CBD Studio - Perth,2025-03-10,booked,122,3
CBD Studio - Perth,2025-03-11,open,129,3
CBD Studio - Perth,2025-03-12,booked,137,3
CBD Studio - Perth,2025-03-13,open,120,3
CBD Studio - Perth,2025-03-14,open,131,3
CBD Studio - Perth,2025-03-15,open,129,3
CBD Studio - Perth,2025-03-16,open,130,3
CBD Studio - Perth,2025-03-17,open,125,3
CBD Studio - Perth,2025-03-18,open,125,3
CBD Studio - Perth,2025-03-19,booked,138,3
CBD Studio - Perth,2025-03-20,booked,128,3
CBD Studio - Perth,2025-03-21,booked,140,3
CBD Studio - Perth,2025-03-22,booked,140,3
CBD Studio - Perth,2025-03-23,open,127,3
CBD Studio - Perth,2025-03-24,open,123,3
CBD Studio - Perth,2025-03-25,booked,133,3
CBD Studio - Perth,2025-03-26,blocked,134,3
CBD Studio - Perth,2025-03-27,open,139,3
CBD Studio - Perth,2025-03-28,booked,129,3
CBD Studio - Perth,2025-03-29,booked,134,3
CBD Studio - Perth,2025-03-30,open,129,3
CBD Studio - Perth,2025-03-31,booked,137,3
CBD Studio - Perth,2025-04-01,booked,135,3
CBD Studio - Perth,2025-04-02,open,123,3
CBD Studio - Perth,2025-04-03,open,123,3
CBD Studio - Perth,2025-04-04,open,127,3
CBD Studio - Perth,2025-04-05,open,135,3
CBD Studio - Perth,2025-04-06,open,139,3
CBD Studio - Perth,2025-04-07,booked,128,3
CBD Studio - Perth,2025-04-08,open,137,3
CBD Studio - Perth,2025-04-09,booked,122,3
CBD Studio - Perth,2025-04-10,open,131,3
CBD Studio - Perth,2025-04-11,booked,146,3
CBD Studio - Perth,2025-04-12,booked,129,3
CBD Studio - Perth,2025-04-13,booked,128,3
CBD Studio - Perth,2025-04-14,open,132,3
CBD Studio - Perth,2025-04-15,open,135,3
CBD Studio - Perth,2025-04-16,open,137,3
CBD Studio - Perth,2025-04-17,open,126,3
CBD Studio - Perth,2025-04-18,open,137,3
CBD Studio - Perth,2025-04-19,open,133,3
CBD Studio - Perth,2025-04-20,booked,144,3
CBD Studio - Perth,2025-04-21,open,130,3
CBD Studio - Perth,2025-04-22,booked,130,3
CBD Studio - Perth,2025-04-23,open,130,3
CBD Studio - Perth,2025-04-24,open,139,3
CBD Studio - Perth,2025-04-25,open,129,3
CBD Studio - Perth,2025-04-26,open,138,3
CBD Studio - Perth,2025-04-27,booked,140,3
CBD Studio - Perth,2025-04-28,open,139,3
CBD Studio - Perth,2025-04-29,open,120,3
CBD Studio - Perth,2025-04-30,booked,125,3
CBD Studio - Perth,2025-05-01,booked,121,3
CBD Studio - Perth,2025-05-02,open,137,3
CBD Studio - Perth,2025-05-03,open,137,3
CBD Studio - Perth,2025-05-04,booked,140,3
CBD Studio - Perth,2025-05-05,booked,130,3
CBD Studio - Perth,2025-05-06,open,125,3
CBD Studio - Perth,2025-05-07,booked,130,3
CBD Studio - Perth,2025-05-08,booked,136,3
CBD Studio - Perth,2025-05-09,open,134,3
CBD Studio - Perth,2025-05-10,open,143,3
CBD Studio - Perth,2025-05-11,open,128,3
CBD Studio - Perth,2025-05-12,open,134,3
CBD Studio - Perth,2025-05-13,open,121,3
CBD Studio - Perth,2025-05-14,booked,128,3
CBD Studio - Perth,2025-05-15,open,132,3
CBD Studio - Perth,2025-05-16,booked,141,3
CBD Studio - Perth,2025-05-17,open,129,3
CBD Studio - Perth,2025-05-18,open,140,3
CBD Studio - Perth,2025-05-19,booked,139,3
CBD Studio - Perth,2025-05-20,open,135,3
CBD Studio - Perth,2025-05-21,open,123,3
CBD Studio - Perth,2025-05-22,booked,135,3
CBD Studio - Perth,2025-05-23,booked,144,3
CBD Studio - Perth,2025-05-24,open,127,3
CBD Studio - Perth,2025-05-25,open,132,3
CBD Studio - Perth,2025-05-26,booked,134,3
CBD Studio - Perth,2025-05-27,open,122,3
CBD Studio - Perth,2025-05-28,open,127,3
CBD Studio - Perth,2025-05-29,open,131,3
CBD Studio - Perth,2025-05-30,booked,132,3
CBD Studio - Perth,2025-05-31,booked,138,3
CBD Studio - Perth,2025-06-01,open,131,3
CBD Studio - Perth,2025-06-02,open,121,3
CBD Studio - Perth,2025-06-03,open,125,3
CBD Studio - Perth,2025-06-04,open,127,3
CBD Studio - Perth,2025-06-05,booked,138,3
CBD Studio - Perth,2025-06-06,open,138,3
CBD Studio - Perth,2025-06-07,open,141,3
CBD Studio - Perth,2025-06-08,booked,133,3
CBD Studio - Perth,2025-06-09,open,134,3
CBD Studio - Perth,2025-06-10,booked,122,3
CBD Studio - Perth,2025-06-11,booked,130,3
CBD Studio - Perth,2025-06-12,open,123,3
CBD Studio - Perth,2025-06-13,open,146,3
CBD Studio - Perth,2025-06-14,open,128,3
CBD Studio - Perth,2025-06-15,booked,132,3
CBD Studio - Perth,2025-06-16,open,126,3
CBD Studio - Perth,2025-06-17,open,120,3
CBD Studio - Perth,2025-06-18,booked,131,3
CBD Studio - Perth,2025-06-19,booked,132,3
CBD Studio - Perth,2025-06-20,booked,138,3
CBD Studio - Perth,2025-06-21,booked,142,3
CBD Studio - Perth,2025-06-22,booked,144,3
CBD Studio - Perth,2025-06-23,open,125,3
CBD Studio - Perth,2025-06-24,blocked,128,3
CBD Studio - Perth,2025-06-25,booked,127,3
CBD Studio - Perth,2025-06-26,open,137,3
CBD Studio - Perth,2025-06-27,open,127,3
CBD Studio - Perth,2025-06-28,open,143,3
CBD Studio - Perth,2025-06-29,open,129,3
CBD Studio - Perth,2025-06-30,open,125,3
CBD Studio - Perth,2025-07-01,open,121,3
CBD Studio - Perth,2025-07-02,open,134,3
CBD Studio - Perth,2025-07-03,booked,138,3
CBD Studio - Perth,2025-07-04,open,137,3
CBD Studio - Perth,2025-07-05,open,134,3
CBD Studio - Perth,2025-07-06,open,128,3
CBD Studio - Perth,2025-07-07,booked,123,3
CBD Studio - Perth,2025-07-08,open,121,3
CBD Studio - Perth,2025-07-09,open,128,3
CBD Studio - Perth,2025-07-10,open,125,3
CBD Studio - Perth,2025-07-11,booked,133,3
CBD Studio - Perth,2025-07-12,open,140,3
CBD Studio - Perth,2025-07-13,open,133,3
CBD Studio - Perth,2025-07-14,booked,121,3
CBD Studio - Perth,2025-07-15,booked,135,3
CBD Studio - Perth,2025-07-16,open,123,3
CBD Studio - Perth,2025-07-17,booked,129,3
CBD Studio - Perth,2025-07-18,booked,137,3
CBD Studio - Perth,2025-07-19,open,131,3
CBD Studio - Perth,2025-07-20,booked,132,3
CBD Studio - Perth,2025-07-21,booked,123,3
CBD Studio - Perth,2025-07-22,open,136,3
CBD Studio - Perth,2025-07-23,open,121,3
CBD Studio - Perth,2025-07-24,open,126,3
CBD Studio - Perth,2025-07-25,booked,132,3
CBD Studio - Perth,2025-07-26,booked,137,3
CBD Studio - Perth,2025-07-27,open,132,3
CBD Studio - Perth,2025-07-28,open,121,3
CBD Studio - Perth,2025-07-29,open,129,3
CBD Studio - Perth,2025-07-30,open,125,3
CBD Studio - Perth,2025-07-31,open,136,3
CBD Studio - Perth,2025-08-01,booked,127,3
CBD Studio - Perth,2025-08-02,open,146,3
CBD Studio - Perth,2025-08-03,booked,143,3
CBD Studio - Perth,2025-08-04,booked,132,3
CBD Studio - Perth,2025-08-05,open,131,3
CBD Studio - Perth,2025-08-06,booked,136,3
CBD Studio - Perth,2025-08-07,blocked,121,3
CBD Studio - Perth,2025-08-08,open,135,3
CBD Studio - Perth,2025-08-09,booked,144,3
CBD Studio - Perth,2025-08-10,open,133,3
CBD Studio - Perth,2025-08-11,booked,129,3
CBD Studio - Perth,2025-08-12,booked,131,3
CBD Studio - Perth,2025-08-13,open,128,3
CBD Studio - Perth,2025-08-14,blocked,133,3
CBD Studio - Perth,2025-08-15,booked,131,3
CBD Studio - Perth,2025-08-16,booked,132,3
CBD Studio - Perth,2025-08-17,open,127,3
CBD Studio - Perth,2025-08-18,open,125,3
CBD Studio - Perth,2025-08-19,booked,128,3
CBD Studio - Perth,2025-08-20,open,121,3
CBD Studio - Perth,2025-08-21,booked,123,3
CBD Studio - Perth,2025-08-22,booked,144,3
CBD Studio - Perth,2025-08-23,open,139,3
CBD Studio - Perth,2025-08-24,open,142,3
CBD Studio - Perth,2025-08-25,open,135,3
CBD Studio - Perth,2025-08-26,booked,131,3
CBD Studio - Perth,2025-08-27,open,138,3
CBD Studio - Perth,2025-08-28,open,128,3
CBD Studio - Perth,2025-08-29,booked,133,3
CBD Studio - Perth,2025-08-30,booked,144,3
CBD Studio - Perth,2025-08-31,open,128,3
CBD Studio - Perth,2025-09-01,open,130,3
CBD Studio - Perth,2025-09-02,open,139,3
CBD Studio - Perth,2025-09-03,open,122,3
CBD Studio - Perth,2025-09-04,open,125,3
CBD Studio - Perth,2025-09-05,open,145,3
CBD Studio - Perth,2025-09-06,booked,146,3
CBD Studio - Perth,2025-09-07,booked,143,3
CBD Studio - Perth,2025-09-08,open,127,3
CBD Studio - Perth,2025-09-09,open,136,3
CBD Studio - Perth,2025-09-10,booked,132,3
CBD Studio - Perth,2025-09-11,open,134,3
CBD Studio - Perth,2025-09-12,open,127,3
CBD Studio - Perth,2025-09-13,open,145,3
CBD Studio - Perth,2025-09-14,open,138,3
CBD Studio - Perth,2025-09-15,booked,139,3
CBD Studio - Perth,2025-09-16,open,130,3
CBD Studio - Perth,2025-09-17,booked,130,3
CBD Studio - Perth,2025-09-18,booked,125,3
CBD Studio - Perth,2025-09-19,booked,137,3
CBD Studio - Perth,2025-09-20,blocked,145,3
CBD Studio - Perth,2025-09-21,booked,129,3
CBD Studio - Perth,2025-09-22,open,138,3
CBD Studio - Perth,2025-09-23,open,126,3
CBD Studio - Perth,2025-09-24,blocked,131,3
CBD Studio - Perth,2025-09-25,open,135,3
CBD Studio - Perth,2025-09-26,open,144,3
CBD Studio - Perth,2025-09-27,open,134,3
CBD Studio - Perth,2025-09-28,open,134,3
CBD Studio - Perth,2025-09-29,booked,126,3
CBD Studio - Perth,2025-09-30,booked,123,3
CBD Studio - Perth,2025-10-01,open,135,3
CBD Studio - Perth,2025-10-02,open,133,3
CBD Studio - Perth,2025-10-03,booked,146,3
CBD Studio - Perth,2025-10-04,open,145,3
CBD Studio - Perth,2025-10-05,open,131,3
CBD Studio - Perth,2025-10-06,open,123,3
CBD Studio - Perth,2025-10-07,booked,133,3
CBD Studio - Perth,2025-10-08,booked,134,3
CBD Studio - Perth,2025-10-09,open,138,3
CBD Studio - Perth,2025-10-10,booked,146,3
CBD Studio - Perth,2025-10-11,open,127,3
CBD Studio - Perth,2025-10-12,open,145,3
CBD Studio - Perth,2025-10-13,open,124,3
CBD Studio - Perth,2025-10-14,open,138,3
CBD Studio - Perth,2025-10-15,booked,135,3
CBD Studio - Perth,2025-10-16,booked,139,3
CBD Studio - Perth,2025-10-17,booked,144,3
CBD Studio - Perth,2025-10-18,booked,141,3
CBD Studio - Perth,2025-10-19,open,144,3
CBD Studio - Perth,2025-10-20,open,125,3
CBD Studio - Perth,2025-10-21,booked,121,3
CBD Studio - Perth,2025-10-22,booked,122,3
CBD Studio - Perth,2025-10-23,blocked,128,3
CBD Studio - Perth,2025-10-24,open,146,3
CBD Studio - Perth,2025-10-25,open,136,3
CBD Studio - Perth,2025-10-26,booked,137,3
CBD Studio - Perth,2025-10-27,booked,129,3
CBD Studio - Perth,2025-10-28,open,133,3
CBD Studio - Perth,2025-10-29,open,123,3
CBD Studio - Perth,2025-10-30,booked,136,3
CBD Studio - Perth,2025-10-31,booked,133,3
CBD Studio - Perth,2025-11-01,open,128,3
CBD Studio - Perth,2025-11-02,booked,134,3
CBD Studio - Perth,2025-11-03,open,131,3
CBD Studio - Perth,2025-11-04,open,122,3
CBD Studio - Perth,2025-11-05,open,132,3
CBD Studio - Perth,2025-11-06,open,121,3
CBD Studio - Perth,2025-11-07,open,130,3
CBD Studio - Perth,2025-11-08,open,130,3
CBD Studio - Perth,2025-11-09,booked,131,3
CBD Studio - Perth,2025-11-10,booked,134,3
CBD Studio - Perth,2025-11-11,open,134,3
CBD Studio - Perth,2025-11-12,booked,125,3
CBD Studio - Perth,2025-11-13,booked,121,3
CBD Studio - Perth,2025-11-14,open,143,3
CBD Studio - Perth,2025-11-15,booked,134,3
CBD Studio - Perth,2025-11-16,booked,132,3
CBD Studio - Perth,2025-11-17,open,132,3
CBD Studio - Perth,2025-11-18,booked,121,3
CBD Studio - Perth,2025-11-19,booked,126,3
CBD Studio - Perth,2025-11-20,booked,136,3
CBD Studio - Perth,2025-11-21,booked,135,3
CBD Studio - Perth,2025-11-22,booked,140,3
CBD Studio - Perth,2025-11-23,booked,137,3
CBD Studio - Perth,2025-11-24,booked,137,3
CBD Studio - Perth,2025-11-25,booked,129,3
CBD Studio - Perth,2025-11-26,booked,129,3
CBD Studio - Perth,2025-11-27,booked,125,3
CBD Studio - Perth,2025-11-28,booked,141,3
CBD Studio - Perth,2025-11-29,open,128,3
CBD Studio - Perth,2025-11-30,booked,137,3
CBD Studio - Perth,2025-12-01,open,137,3
CBD Studio - Perth,2025-12-02,open,142,3
CBD Studio - Perth,2025-12-03,open,134,3
CBD Studio - Perth,2025-12-04,open,142,3
CBD Studio - Perth,2025-12-05,booked,151,3
CBD Studio - Perth,2025-12-06,booked,135,3
CBD Studio - Perth,2025-12-07,open,147,3
CBD Studio - Perth,2025-12-08,open,143,3
CBD Studio - Perth,2025-12-09,open,139,3
CBD Studio - Perth,2025-12-10,open,128,3
CBD Studio - Perth,2025-12-11,open,129,3
CBD Studio - Perth,2025-12-12,open,152,3
CBD Studio - Perth,2025-12-13,open,136,3
CBD Studio - Perth,2025-12-14,booked,153,3
CBD Studio - Perth,2025-12-15,booked,145,3
CBD Studio - Perth,2025-12-16,open,142,3
CBD Studio - Perth,2025-12-17,booked,143,3
CBD Studio - Perth,2025-12-18,open,127,3
CBD Studio - Perth,2025-12-19,booked,141,3
CBD Studio - Perth,2025-12-20,booked,139,3
CBD Studio - Perth,2025-12-21,booked,151,3
CBD Studio - Perth,2025-12-22,open,138,3
CBD Studio - Perth,2025-12-23,open,134,3
CBD Studio - Perth,2025-12-24,booked,128,3
CBD Studio - Perth,2025-12-25,open,140,3
CBD Studio - Perth,2025-12-26,open,152,3
CBD Studio - Perth,2025-12-27,booked,135,3
CBD Studio - Perth,2025-12-28,booked,144,3
CBD Studio - Perth,2025-12-29,booked,133,3
CBD Studio - Perth,2025-12-30,booked,135,3
CBD Studio - Perth,2025-12-31,open,126,3
CBD Studio - Perth,2026-01-01,booked,128,3
CBD Studio - Perth,2026-01-02,open,147,3
CBD Studio - Perth,2026-01-03,booked,151,3
CBD Studio - Perth,2026-01-04,booked,138,3
CBD Studio - Perth,2026-01-05,open,143,3
CBD Studio - Perth,2026-01-06,open,126,3
CBD Studio - Perth,2026-01-07,open,131,3
CBD Studio - Perth,2026-01-08,booked,135,3
CBD Studio - Perth,2026-01-09,open,135,3
CBD Studio - Perth,2026-01-10,open,136,3
CBD Studio - Perth,2026-01-11,open,142,3
CBD Studio - Perth,2026-01-12,open,131,3
CBD Studio - Perth,2026-01-13,booked,138,3
CBD Studio - Perth,2026-01-14,booked,130,3
CBD Studio - Perth,2026-01-15,open,140,3
CBD Studio - Perth,2026-01-16,open,150,3
CBD Studio - Perth,2026-01-17,open,144,3
CBD Studio - Perth,2026-01-18,booked,140,3
CBD Studio - Perth,2026-01-19,open,128,3
CBD Studio - Perth,2026-01-20,open,143,3
CBD Studio - Perth,2026-01-21,blocked,129,3
CBD Studio - Perth,2026-01-22,open,142,3
CBD Studio - Perth,2026-01-23,booked,142,3
CBD Studio - Perth,2026-01-24,open,147,3
CBD Studio - Perth,2026-01-25,booked,150,3
CBD Studio - Perth,2026-01-26,open,138,3
CBD Studio - Perth,2026-01-27,booked,126,3
CBD Studio - Perth,2026-01-28,booked,137,3
CBD Studio - Perth,2026-01-29,booked,142,3
CBD Studio - Perth,2026-01-30,booked,140,3
CBD Studio - Perth,2026-01-31,booked,151,3
CBD Studio - Perth,2026-02-01,open,147,3
CBD Studio - Perth,2026-02-02,booked,133,3
CBD Studio - Perth,2026-02-03,booked,137,3
CBD Studio - Perth,2026-02-04,open,142,3
Hills Cottage - Kalamunda,2025-01-01,open,161,2
Hills Cottage - Kalamunda,2025-01-02,booked,155,2
Hills Cottage - Kalamunda,2025-01-03,blocked,172,2
Hills Cottage - Kalamunda,2025-01-04,open,155,2
Hills Cottage - Kalamunda,2025-01-05,open,169,2
Hills Cottage - Kalamunda,2025-01-06,open,146,2
Hills Cottage - Kalamunda,2025-01-07,booked,164,2
Hills Cottage - Kalamunda,2025-01-08,booked,168,2
Hills Cottage - Kalamunda,2025-01-09,open,155,2
Hills Cottage - Kalamunda,2025-01-10,booked,162,2
Hills Cottage - Kalamunda,2025-01-11,booked,165,2
Hills Cottage - Kalamunda,2025-01-12,open,173,2
Hills Cottage - Kalamunda,2025-01-13,booked,148,2
Hills Cottage - Kalamunda,2025-01-14,open,161,2
Hills Cottage - Kalamunda,2025-01-15,open,154,2
Hills Cottage - Kalamunda,2025-01-16,open,160,2
Hills Cottage - Kalamunda,2025-01-17,booked,157,2
Hills Cottage - Kalamunda,2025-01-18,booked,177,2
Hills Cottage - Kalamunda,2025-01-19,open,174,2
Hills Cottage - Kalamunda,2025-01-20,booked,162,2
Hills Cottage - Kalamunda,2025-01-21,open,153,2
Hills Cottage - Kalamunda,2025-01-22,booked,163,2
Hills Cottage - Kalamunda,2025-01-23,open,164,2
Hills Cottage - Kalamunda,2025-01-24,open,168,2
Hills Cottage - Kalamunda,2025-01-25,open,170,2
Hills Cottage - Kalamunda,2025-01-26,open,169,2
Hills Cottage - Kalamunda,2025-01-27,open,152,2
Hills Cottage - Kalamunda,2025-01-28,booked,155,2
Hills Cottage - Kalamunda,2025-01-29,booked,162,2
Hills Cottage - Kalamunda,2025-01-30,open,150,2
Hills Cottage - Kalamunda,2025-01-31,open,159,2
Hills Cottage - Kalamunda,2025-02-01,booked,172,2
Hills Cottage - Kalamunda,2025-02-02,open,170,2
Hills Cottage - Kalamunda,2025-02-03,open,165,2
Hills Cottage - Kalamunda,2025-02-04,open,166,2
Hills Cottage - Kalamunda,2025-02-05,booked,148,2
Hills Cottage - Kalamunda,2025-02-06,booked,152,2
Hills Cottage - Kalamunda,2025-02-07,open,172,2
Hills Cottage - Kalamunda,2025-02-08,booked,170,2
Hills Cottage - Kalamunda,2025-02-09,booked,156,2
Hills Cottage - Kalamunda,2025-02-10,booked,163,2
Hills Cottage - Kalamunda,2025-02-11,booked,164,2
Hills Cottage - Kalamunda,2025-02-12,booked,152,2
Hills Cottage - Kalamunda,2025-02-13,booked,165,2
Hills Cottage - Kalamunda,2025-02-14,booked,174,2
Hills Cottage - Kalamunda,2025-02-15,open,176,2
Hills Cottage - Kalamunda,2025-02-16,booked,175,2
Hills Cottage - Kalamunda,2025-02-17,open,166,2
Hills Cottage - Kalamunda,2025-02-18,booked,153,2
Hills Cottage - Kalamunda,2025-02-19,booked,165,2
Hills Cottage - Kalamunda,2025-02-20,booked,150,2
Hills Cottage - Kalamunda,2025-02-21,booked,167,2
Hills Cottage - Kalamunda,2025-02-22,open,165,2
Hills Cottage - Kalamunda,2025-02-23,booked,171,2
Hills Cottage - Kalamunda,2025-02-24,open,157,2
Hills Cottage - Kalamunda,2025-02-25,open,150,2
Hills Cottage - Kalamunda,2025-02-26,open,146,2
Hills Cottage - Kalamunda,2025-02-27,booked,163,2
Hills Cottage - Kalamunda,2025-02-28,booked,172,2
Hills Cottage - Kalamunda,2025-03-01,open,165,2
Hills Cottage - Kalamunda,2025-03-02,booked,161,2
Hills Cottage - Kalamunda,2025-03-03,open,149,2
Hills Cottage - Kalamunda,2025-03-04,open,149,2
Hills Cottage - Kalamunda,2025-03-05,booked,145,2
Hills Cottage - Kalamunda,2025-03-06,open,140,2
Hills Cottage - Kalamunda,2025-03-07,booked,166,2
Hills Cottage - Kalamunda,2025-03-08,booked,163,2
Hills Cottage - Kalamunda,2025-03-09,open,153,2
Hills Cottage - Kalamunda,2025-03-10,open,148,2
Hills Cottage - Kalamunda,2025-03-11,booked,149,2
Hills Cottage - Kalamunda,2025-03-12,open,144,2
Hills Cottage - Kalamunda,2025-03-13,open,147,2
Hills Cottage - Kalamunda,2025-03-14,booked,164,2
Hills Cottage - Kalamunda,2025-03-15,open,155,2
Hills Cottage - Kalamunda,2025-03-16,open,170,2
Hills Cottage - Kalamunda,2025-03-17,booked,161,2
Hills Cottage - Kalamunda,2025-03-18,booked,144,2
Hills Cottage - Kalamunda,2025-03-19,open,161,2
Hills Cottage - Kalamunda,2025-03-20,open,145,2
Hills Cottage - Kalamunda,2025-03-21,open,150,2
Hills Cottage - Kalamunda,2025-03-22,open,161,2
Hills Cottage - Kalamunda,2025-03-23,booked,156,2
Hills Cottage - Kalamunda,2025-03-24,open,141,2
Hills Cottage - Kalamunda,2025-03-25,open,146,2
Hills Cottage - Kalamunda,2025-03-26,open,141,2
Hills Cottage - Kalamunda,2025-03-27,open,155,2
Hills Cottage - Kalamunda,2025-03-28,open,148,2
Hills Cottage - Kalamunda,2025-03-29,open,157,2
Hills Cottage - Kalamunda,2025-03-30,booked,160,2
Hills Cottage - Kalamunda,2025-03-31,open,143,2
Hills Cottage - Kalamunda,2025-04-01,open,154,2
Hills Cottage - Kalamunda,2025-04-02,booked,155,2
Hills Cottage - Kalamunda,2025-04-03,open,146,2
Hills Cottage - Kalamunda,2025-04-04,open,150,2
Hills Cottage - Kalamunda,2025-04-05,open,150,2
Hills Cottage - Kalamunda,2025-04-06,open,150,2
Hills Cottage - Kalamunda,2025-04-07,booked,142,2
Hills Cottage - Kalamunda,2025-04-08,booked,145,2
Hills Cottage - Kalamunda,2025-04-09,booked,152,2
Hills Cottage - Kalamunda,2025-04-10,booked,156,2
Hills Cottage - Kalamunda,2025-04-11,booked,148,2
Hills Cottage - Kalamunda,2025-04-12,open,152,2
Hills Cottage - Kalamunda,2025-04-13,open,155,2
Hills Cottage - Kalamunda,2025-04-14,blocked,155,2
Hills Cottage - Kalamunda,2025-04-15,open,159,2
Hills Cottage - Kalamunda,2025-04-16,open,143,2
Hills Cottage - Kalamunda,2025-04-17,booked,152,2
Hills Cottage - Kalamunda,2025-04-18,open,150,2
Hills Cottage - Kalamunda,2025-04-19,booked,152,2
Hills Cottage - Kalamunda,2025-04-20,open,154,2
Hills Cottage - Kalamunda,2025-04-21,open,142,2
Hills Cottage - Kalamunda,2025-04-22,booked,141,2
Hills Cottage - Kalamunda,2025-04-23,booked,158,2
Hills Cottage - Kalamunda,2025-04-24,booked,157,2
Hills Cottage - Kalamunda,2025-04-25,booked,164,2
Hills Cottage - Kalamunda,2025-04-26,booked,167,2
Hills Cottage - Kalamunda,2025-04-27,open,151,2
Hills Cottage - Kalamunda,2025-04-28,booked,150,2
Hills Cottage - Kalamunda,2025-04-29,open,160,2
Hills Cottage - Kalamunda,2025-04-30,booked,159,2
Hills Cottage - Kalamunda,2025-05-01,booked,149,2
Hills Cottage - Kalamunda,2025-05-02,open,153,2
Hills Cottage - Kalamunda,2025-05-03,booked,167,2
Hills Cottage - Kalamunda,2025-05-04,open,162,2
Hills Cottage - Kalamunda,2025-05-05,open,143,2
Hills Cottage - Kalamunda,2025-05-06,open,141,2
Hills Cottage - Kalamunda,2025-05-07,open,144,2
Hills Cottage - Kalamunda,2025-05-08,open,153,2
Hills Cottage - Kalamunda,2025-05-09,open,163,2
Hills Cottage - Kalamunda,2025-05-10,booked,156,2
Hills Cottage - Kalamunda,2025-05-11,booked,148,2
Hills Cottage - Kalamunda,2025-05-12,open,159,2
Hills Cottage - Kalamunda,2025-05-13,open,143,2
Hills Cottage - Kalamunda,2025-05-14,open,143,2
Hills Cottage - Kalamunda,2025-05-15,open,141,2
Hills Cottage - Kalamunda,2025-05-16,booked,154,2
Hills Cottage - Kalamunda,2025-05-17,open,163,2
Hills Cottage - Kalamunda,2025-05-18,open,160,2
Hills Cottage - Kalamunda,2025-05-19,open,162,2
Hills Cottage - Kalamunda,2025-05-20,open,148,2
Hills Cottage - Kalamunda,2025-05-21,open,156,2
Hills Cottage - Kalamunda,2025-05-22,booked,155,2
Hills Cottage - Kalamunda,2025-05-23,booked,155,2
Hills Cottage - Kalamunda,2025-05-24,open,156,2
Hills Cottage - Kalamunda,2025-05-25,open,160,2
Hills Cottage - Kalamunda,2025-05-26,open,141,2
Hills Cottage - Kalamunda,2025-05-27,open,144,2
Hills Cottage - Kalamunda,2025-05-28,open,159,2
Hills Cottage - Kalamunda,2025-05-29,open,142,2
Hills Cottage - Kalamunda,2025-05-30,open,153,2
Hills Cottage - Kalamunda,2025-05-31,open,148,2
Hills Cottage - Kalamunda,2025-06-01,booked,162,2
Hills Cottage - Kalamunda,2025-06-02,open,145,2
Hills Cottage - Kalamunda,2025-06-03,open,158,2
Hills Cottage - Kalamunda,2025-06-04,open,159,2
Hills Cottage - Kalamunda,2025-06-05,open,143,2
Hills Cottage - Kalamunda,2025-06-06,open,162,2
Hills Cottage - Kalamunda,2025-06-07,booked,157,2
Hills Cottage - Kalamunda,2025-06-08,open,147,2
Hills Cottage - Kalamunda,2025-06-09,booked,154,2
Hills Cottage - Kalamunda,2025-06-10,open,147,2
Hills Cottage - Kalamunda,2025-06-11,open,145,2
Hills Cottage - Kalamunda,2025-06-12,open,162,2
Hills Cottage - Kalamunda,2025-06-13,booked,148,2
Hills Cottage - Kalamunda,2025-06-14,booked,158,2
Hills Cottage - Kalamunda,2025-06-15,open,161,2
Hills Cottage - Kalamunda,2025-06-16,open,155,2
Hills Cottage - Kalamunda,2025-06-17,open,143,2
Hills Cottage - Kalamunda,2025-06-18,open,145,2
Hills Cottage - Kalamunda,2025-06-19,booked,159,2
Hills Cottage - Kalamunda,2025-06-20,open,154,2
Hills Cottage - Kalamunda,2025-06-21,open,163,2
Hills Cottage - Kalamunda,2025-06-22,booked,151,2
Hills Cottage - Kalamunda,2025-06-23,booked,156,2
Hills Cottage - Kalamunda,2025-06-24,open,142,2
Hills Cottage - Kalamunda,2025-06-25,open,144,2
Hills Cottage - Kalamunda,2025-06-26,open,149,2
Hills Cottage - Kalamunda,2025-06-27,open,165,2
Hills Cottage - Kalamunda,2025-06-28,open,150,2
Hills Cottage - Kalamunda,2025-06-29,booked,168,2
Hills Cottage - Kalamunda,2025-06-30,open,153,2
Hills Cottage - Kalamunda,2025-07-01,open,150,2
Hills Cottage - Kalamunda,2025-07-02,open,162,2
Hills Cottage - Kalamunda,2025-07-03,booked,151,2
Hills Cottage - Kalamunda,2025-07-04,open,148,2
Hills Cottage - Kalamunda,2025-07-05,open,166,2
Hills Cottage - Kalamunda,2025-07-06,open,159,2
Hills Cottage - Kalamunda,2025-07-07,open,144,2
Hills Cottage - Kalamunda,2025-07-08,open,157,2
Hills Cottage - Kalamunda,2025-07-09,booked,149,2
Hills Cottage - Kalamunda,2025-07-10,open,160,2
Hills Cottage - Kalamunda,2025-07-11,open,156,2
Hills Cottage - Kalamunda,2025-07-12,open,168,2
Hills Cottage - Kalamunda,2025-07-13,open,153,2
Hills Cottage - Kalamunda,2025-07-14,open,162,2
Hills Cottage - Kalamunda,2025-07-15,open,143,2
Hills Cottage - Kalamunda,2025-07-16,open,156,2
Hills Cottage - Kalamunda,2025-07-17,open,147,2
Hills Cottage - Kalamunda,2025-07-18,open,167,2
Hills Cottage - Kalamunda,2025-07-19,open,169,2
Hills Cottage - Kalamunda,2025-07-20,open,152,2
Hills Cottage - Kalamunda,2025-07-21,open,147,2
Hills Cottage - Kalamunda,2025-07-22,booked,155,2
Hills Cottage - Kalamunda,2025-07-23,open,155,2
Hills Cottage - Kalamunda,2025-07-24,open,151,2
Hills Cottage - Kalamunda,2025-07-25,open,155,2
Hills Cottage - Kalamunda,2025-07-26,booked,155,2
Hills Cottage - Kalamunda,2025-07-27,open,160,2
Hills Cottage - Kalamunda,2025-07-28,open,149,2
Hills Cottage - Kalamunda,2025-07-29,open,159,2
Hills Cottage - Kalamunda,2025-07-30,booked,159,2
Hills Cottage - Kalamunda,2025-07-31,open,152,2
Hills Cottage - Kalamunda,2025-08-01,blocked,151,2
Hills Cottage - Kalamunda,2025-08-02,open,152,2
Hills Cottage - Kalamunda,2025-08-03,open,151,2
Hills Cottage - Kalamunda,2025-08-04,booked,146,2
Hills Cottage - Kalamunda,2025-08-05,open,156,2
Hills Cottage - Kalamunda,2025-08-06,booked,157,2
Hills Cottage - Kalamunda,2025-08-07,booked,159,2
Hills Cottage - Kalamunda,2025-08-08,booked,167,2
Hills Cottage - Kalamunda,2025-08-09,open,167,2
Hills Cottage - Kalamunda,2025-08-10,open,160,2
Hills Cottage - Kalamunda,2025-08-11,booked,158,2
Hills Cottage - Kalamunda,2025-08-12,open,147,2
Hills Cottage - Kalamunda,2025-08-13,open,161,2
Hills Cottage - Kalamunda,2025-08-14,open,162,2
Hills Cottage - Kalamunda,2025-08-15,open,154,2
Hills Cottage - Kalamunda,2025-08-16,open,148,2
Hills Cottage - Kalamunda,2025-08-17,booked,161,2
Hills Cottage - Kalamunda,2025-08-18,open,160,2
Hills Cottage - Kalamunda,2025-08-19,open,161,2
Hills Cottage - Kalamunda,2025-08-20,open,155,2
Hills Cottage - Kalamunda,2025-08-21,open,152,2
Hills Cottage - Kalamunda,2025-08-22,open,165,2
Hills Cottage - Kalamunda,2025-08-23,open,154,2
Hills Cottage - Kalamunda,2025-08-24,booked,163,2
Hills Cottage - Kalamunda,2025-08-25,booked,144,2
Hills Cottage - Kalamunda,2025-08-26,open,149,2
Hills Cottage - Kalamunda,2025-08-27,open,153,2
Hills Cottage - Kalamunda,2025-08-28,booked,153,2
Hills Cottage - Kalamunda,2025-08-29,booked,155,2
Hills Cottage - Kalamunda,2025-08-30,open,151,2
Hills Cottage - Kalamunda,2025-08-31,booked,155,2
Hills Cottage - Kalamunda,2025-09-01,booked,161,2
Hills Cottage - Kalamunda,2025-09-02,open,155,2
Hills Cottage - Kalamunda,2025-09-03,open,153,2
Hills Cottage - Kalamunda,2025-09-04,booked,158,2
Hills Cottage - Kalamunda,2025-09-05,booked,152,2
Hills Cottage - Kalamunda,2025-09-06,booked,149,2
Hills Cottage - Kalamunda,2025-09-07,open,157,2
Hills Cottage - Kalamunda,2025-09-08,open,142,2
Hills Cottage - Kalamunda,2025-09-09,booked,145,2
Hills Cottage - Kalamunda,2025-09-10,booked,148,2
Hills Cottage - Kalamunda,2025-09-11,booked,157,2
Hills Cottage - Kalamunda,2025-09-12,open,170,2
Hills Cottage - Kalamunda,2025-09-13,open,170,2
Hills Cottage - Kalamunda,2025-09-14,blocked,162,2
Hills Cottage - Kalamunda,2025-09-15,open,161,2
Hills Cottage - Kalamunda,2025-09-16,open,154,2
Hills Cottage - Kalamunda,2025-09-17,open,156,2
Hills Cottage - Kalamunda,2025-09-18,booked,161,2
Hills Cottage - Kalamunda,2025-09-19,open,156,2
Hills Cottage - Kalamunda,2025-09-20,open,154,2
Hills Cottage - Kalamunda,2025-09-21,open,166,2
Hills Cottage - Kalamunda,2025-09-22,open,158,2
Hills Cottage - Kalamunda,2025-09-23,open,141,2
Hills Cottage - Kalamunda,2025-09-24,open,144,2
Hills Cottage - Kalamunda,2025-09-25,open,162,2
Hills Cottage - Kalamunda,2025-09-26,booked,169,2
Hills Cottage - Kalamunda,2025-09-27,open,147,2
Hills Cottage - Kalamunda,2025-09-28,booked,162,2
Hills Cottage - Kalamunda,2025-09-29,open,160,2
Hills Cottage - Kalamunda,2025-09-30,open,142,2
Hills Cottage - Kalamunda,2025-10-01,open,156,2
Hills Cottage - Kalamunda,2025-10-02,open,158,2
Hills Cottage - Kalamunda,2025-10-03,open,169,2
Hills Cottage - Kalamunda,2025-10-04,open,151,2
Hills Cottage - Kalamunda,2025-10-05,open,155,2
Hills Cottage - Kalamunda,2025-10-06,booked,141,2
Hills Cottage - Kalamunda,2025-10-07,open,153,2
Hills Cottage - Kalamunda,2025-10-08,open,145,2
Hills Cottage - Kalamunda,2025-10-09,booked,149,2
Hills Cottage - Kalamunda,2025-10-10,open,157,2
Hills Cottage - Kalamunda,2025-10-11,blocked,163,2
Hills Cottage - Kalamunda,2025-10-12,open,162,2
Hills Cottage - Kalamunda,2025-10-13,open,157,2
Hills Cottage - Kalamunda,2025-10-14,open,156,2
Hills Cottage - Kalamunda,2025-10-15,booked,161,2
Hills Cottage - Kalamunda,2025-10-16,booked,158,2
Hills Cottage - Kalamunda,2025-10-17,booked,149,2
Hills Cottage - Kalamunda,2025-10-18,open,157,2
Hills Cottage - Kalamunda,2025-10-19,booked,162,2
Hills Cottage - Kalamunda,2025-10-20,open,152,2
Hills Cottage - Kalamunda,2025-10-21,booked,149,2
Hills Cottage - Kalamunda,2025-10-22,open,152,2
Hills Cottage - Kalamunda,2025-10-23,open,143,2
Hills Cottage - Kalamunda,2025-10-24,open,168,2
Hills Cottage - Kalamunda,2025-10-25,open,164,2
Hills Cottage - Kalamunda,2025-10-26,booked,169,2
Hills Cottage - Kalamunda,2025-10-27,open,153,2
Hills Cottage - Kalamunda,2025-10-28,booked,140,2
Hills Cottage - Kalamunda,2025-10-29,open,152,2
Hills Cottage - Kalamunda,2025-10-30,open,147,2
Hills Cottage - Kalamunda,2025-10-31,open,168,2
Hills Cottage - Kalamunda,2025-11-01,booked,157,2
Hills Cottage - Kalamunda,2025-11-02,open,159,2
Hills Cottage - Kalamunda,2025-11-03,booked,145,2
Hills Cottage - Kalamunda,2025-11-04,open,144,2
Hills Cottage - Kalamunda,2025-11-05,booked,158,2
Hills Cottage - Kalamunda,2025-11-06,open,159,2
Hills Cottage - Kalamunda,2025-11-07,open,170,2
Hills Cottage - Kalamunda,2025-11-08,open,160,2
Hills Cottage - Kalamunda,2025-11-09,booked,149,2
Hills Cottage - Kalamunda,2025-11-10,booked,157,2
Hills Cottage - Kalamunda,2025-11-11,open,148,2
Hills Cottage - Kalamunda,2025-11-12,booked,155,2
Hills Cottage - Kalamunda,2025-11-13,booked,154,2
Hills Cottage - Kalamunda,2025-11-14,open,154,2
Hills Cottage - Kalamunda,2025-11-15,booked,161,2
Hills Cottage - Kalamunda,2025-11-16,booked,161,2
Hills Cottage - Kalamunda,2025-11-17,open,148,2
Hills Cottage - Kalamunda,2025-11-18,booked,150,2
Hills Cottage - Kalamunda,2025-11-19,blocked,146,2
Hills Cottage - Kalamunda,2025-11-20,booked,157,2
Hills Cottage - Kalamunda,2025-11-21,booked,166,2
Hills Cottage - Kalamunda,2025-11-22,booked,164,2
Hills Cottage - Kalamunda,2025-11-23,open,158,2
Hills Cottage - Kalamunda,2025-11-24,booked,147,2
Hills Cottage - Kalamunda,2025-11-25,open,144,2
Hills Cottage - Kalamunda,2025-11-26,open,159,2
Hills Cottage - Kalamunda,2025-11-27,open,143,2
Hills Cottage - Kalamunda,2025-11-28,open,153,2
Hills Cottage - Kalamunda,2025-11-29,open,149,2
Hills Cottage - Kalamunda,2025-11-30,booked,148,2
Hills Cottage - Kalamunda,2025-12-01,open,146,2
Hills Cottage - Kalamunda,2025-12-02,open,155,2
Hills Cottage - Kalamunda,2025-12-03,open,166,2
Hills Cottage - Kalamunda,2025-12-04,open,158,2
Hills Cottage - Kalamunda,2025-12-05,open,165,2
Hills Cottage - Kalamunda,2025-12-06,open,163,2
Hills Cottage - Kalamunda,2025-12-07,booked,172,2
Hills Cottage - Kalamunda,2025-12-08,open,152,2
Hills Cottage - Kalamunda,2025-12-09,open,157,2
Hills Cottage - Kalamunda,2025-12-10,booked,157,2
Hills Cottage - Kalamunda,2025-12-11,open,165,2
Hills Cottage - Kalamunda,2025-12-12,open,168,2
Hills Cottage - Kalamunda,2025-12-13,booked,166,2
Hills Cottage - Kalamunda,2025-12-14,booked,159,2
Hills Cottage - Kalamunda,2025-12-15,open,161,2
Hills Cottage - Kalamunda,2025-12-16,open,163,2
Hills Cottage - Kalamunda,2025-12-17,open,154,2
Hills Cottage - Kalamunda,2025-12-18,booked,157,2
Hills Cottage - Kalamunda,2025-12-19,booked,163,2
Hills Cottage - Kalamunda,2025-12-20,booked,159,2
Hills Cottage - Kalamunda,2025-12-21,open,163,2
Hills Cottage - Kalamunda,2025-12-22,open,156,2
Hills Cottage - Kalamunda,2025-12-23,booked,168,2
Hills Cottage - Kalamunda,2025-12-24,booked,162,2
Hills Cottage - Kalamunda,2025-12-25,open,165,2
Hills Cottage - Kalamunda,2025-12-26,open,160,2
Hills Cottage - Kalamunda,2025-12-27,booked,158,2
Hills Cottage - Kalamunda,2025-12-28,open,163,2
Hills Cottage - Kalamunda,2025-12-29,open,165,2
Hills Cottage - Kalamunda,2025-12-30,open,154,2
Hills Cottage - Kalamunda,2025-12-31,open,158,2
Hills Cottage - Kalamunda,2026-01-01,booked,166,2
Hills Cottage - Kalamunda,2026-01-02,booked,165,2
Hills Cottage - Kalamunda,2026-01-03,open,166,2
Hills Cottage - Kalamunda,2026-01-04,booked,158,2
Hills Cottage - Kalamunda,2026-01-05,booked,160,2
Hills Cottage - Kalamunda,2026-01-06,booked,150,2
Hills Cottage - Kalamunda,2026-01-07,booked,162,2
Hills Cottage - Kalamunda,2026-01-08,booked,151,2
Hills Cottage - Kalamunda,2026-01-09,open,171,2
Hills Cottage - Kalamunda,2026-01-10,booked,165,2
Hills Cottage - Kalamunda,2026-01-11,booked,158,2
Hills Cottage - Kalamunda,2026-01-12,open,146,2
Hills Cottage - Kalamunda,2026-01-13,booked,159,2
Hills Cottage - Kalamunda,2026-01-14,booked,160,2
Hills Cottage - Kalamunda,2026-01-15,booked,159,2
Hills Cottage - Kalamunda,2026-01-16,booked,160,2
Hills Cottage - Kalamunda,2026-01-17,booked,176,2
Hills Cottage - Kalamunda,2026-01-18,open,167,2
Hills Cottage - Kalamunda,2026-01-19,blocked,162,2
Hills Cottage - Kalamunda,2026-01-20,open,152,2
Hills Cottage - Kalamunda,2026-01-21,booked,156,2
Hills Cottage - Kalamunda,2026-01-22,open,166,2
Hills Cottage - Kalamunda,2026-01-23,booked,173,2
Hills Cottage - Kalamunda,2026-01-24,open,173,2
Hills Cottage - Kalamunda,2026-01-25,open,159,2
Hills Cottage - Kalamunda,2026-01-26,open,152,2
Hills Cottage - Kalamunda,2026-01-27,open,154,2
Hills Cottage - Kalamunda,2026-01-28,open,159,2
Hills Cottage - Kalamunda,2026-01-29,booked,155,2
Hills Cottage - Kalamunda,2026-01-30,booked,159,2
Hills Cottage - Kalamunda,2026-01-31,open,166,2
Hills Cottage - Kalamunda,2026-02-01,booked,158,2
Hills Cottage - Kalamunda,2026-02-02,booked,157,2
Hills Cottage - Kalamunda,2026-02-03,open,147,2
Hills Cottage - Kalamunda,2026-02-04,open,157,2
